Sıra,Göğüs No,Ad Soyad,Kategori,İkincil Kategori,Cinsiyet,Cinsiyet Sıralaması,Kategori Sırası (Net),İkincil Kategori Sırası,Start,7K,12.5K,17.5K,Finish
1,4656,Selim Seven,Genel,,Men,1,1,,00:00:00,00:22:21,00:41:29,,01:09:43
2,4627,Yunus Emre Akkuş,Genel,,Men,2,2,,00:00:00,00:22:21,00:41:29,00:57:23,01:09:44
3,4158,Fatih Korkunç,Genel,,Men,3,4,,00:00:00,00:25:14,00:45:32,01:01:51,01:14:48
4,4502,İrem Can Ayaz,3539,,Men,4,1,,00:00:01,00:25:42,00:46:44,01:03:42,01:16:44
5,4412,Tekin Çiçek,3539,,Men,5,2,,00:00:02,00:25:41,00:46:44,01:03:41,01:16:51
6,4296,Özlem Kaya Alici,Genel,,Women,1,1,,00:00:01,00:25:39,00:46:44,01:03:41,01:17:08
7,4626,Özmen Yucak,3539,,Men,6,3,,00:00:02,00:25:42,00:46:44,01:03:42,01:17:33
8,3715,Ercan Kitapçıoğlu,4549,,Men,7,1,,00:00:01,00:25:43,00:46:55,01:04:20,01:18:13
9,4127,Cemal İneci,5054,,Men,8,1,,00:00:01,00:25:57,00:47:55,01:05:33,01:19:27
10,3964,Orhan Yaşar,4044,,Men,9,1,,00:00:01,,00:45:58,01:04:42,01:19:31
11,4251,Serkan Zirek,4549,,Men,10,2,,00:00:01,00:26:55,00:48:33,01:06:14,01:20:14
12,4163,Burak Demirelli,Genel,,Men,11,5,,00:00:15,00:27:00,00:49:25,,01:22:04
13,4494,Turgut Arslan,4044,,Men,12,2,,00:00:01,00:27:13,00:49:43,,01:22:38
14,4594,Fatma Arık,Genel,,Women,2,2,,00:00:00,00:26:55,00:49:51,01:08:12,01:22:45
15,3914,Hakan Pala,3539,,Men,13,4,,00:00:00,00:26:11,00:50:06,01:08:12,01:22:44
16,3953,Tenzil Bozkuş,3539,,Men,14,5,,,00:29:11,00:51:01,01:08:45,01:23:07
17,4295,Dilan Atak Kuluk,Genel,,Women,3,3,,00:00:00,00:27:48,00:50:47,01:09:12,01:23:43
18,4067,Sami Barış Berküren,Genel,,Men,15,6,,00:00:03,00:27:47,00:50:46,01:09:33,01:24:54
19,3775,Mehmet Evrim Olgun,Genel,,Men,16,7,,00:00:01,00:28:29,00:52:24,01:11:07,01:26:04
20,4556,Rıcardo Schmıdt,3539,,Men,17,6,,00:00:15,00:28:49,00:52:21,01:11:26,01:26:22
21,4434,Arif Gündoğan,4549,,Men,18,3,,00:00:05,00:28:24,00:52:06,01:11:24,01:26:51
22,3720,Bilal Dülger,5559,,Men,19,1,,00:00:01,00:28:15,00:52:05,01:11:32,01:27:20
23,3863,Murat Adıgüzel,Genel,Görme Engelliler,Men,20,3,1,00:16:52,,,,01:11:25
24,4545,Kıyasettin Yalçın,4549,,Men,21,5,,00:00:01,00:28:17,00:52:28,01:12:31,01:28:18
25,4356,Fatih Tunahan Öztop,Genel,,Men,22,8,,,00:29:17,00:53:22,01:13:14,01:28:25
26,4100,Mert Kaan Gülpınar,3539,,Men,23,8,,00:00:04,00:29:23,00:53:08,01:12:24,01:28:32
27,4415,Ergün Arslan,4549,,Men,24,4,,00:00:26,00:28:56,00:53:20,01:12:56,01:28:18
28,4311,İhsan Dora Üner,4044,,Men,25,3,,00:00:02,00:29:24,00:53:44,,01:28:54
29,4335,Ebru Kapdan,4549,,Women,4,1,,00:00:03,00:29:23,00:53:26,01:13:13,01:28:55
30,4060,İlker Açıl,4044,,Men,26,4,,00:00:01,00:28:57,00:53:15,01:13:00,01:29:06
31,4650,Hacı Hasan Yaman,3539,,Men,27,9,,00:00:06,00:30:03,00:54:07,,01:29:08
32,4140,Ali Ekber Fidan,5054,,Men,28,2,,00:00:01,00:28:09,00:53:02,01:12:59,01:29:20
33,4104,Hamza Kaymakcı,Genel,,Men,29,9,,00:00:58,00:29:09,00:52:56,,01:29:02
34,4682,Yasin Özçelik,3539,,Men,30,10,,00:00:03,00:31:01,00:56:01,01:15:40,01:30:08
35,4579,Metin Özvarna,6064,,Men,31,1,,00:00:07,00:30:11,00:54:49,01:14:33,01:30:06
36,3895,Hakan Akyel,5559,,Men,32,2,,00:00:02,00:29:15,00:53:53,01:14:08,01:30:17
37,4569,Muhammed Emir Çaylak,Genel,,Men,33,10,,00:00:05,00:29:16,00:54:06,01:14:23,01:30:40
38,4037,Mesut Tuğran,4549,,Men,34,6,,00:00:00,00:30:02,00:54:42,,01:30:47
39,4514,Saygı Cura,3539,,Men,35,11,,00:00:30,00:30:31,00:55:25,01:15:09,01:30:42
40,4489,Kemal Bölükbaş,4044,,Men,36,5,,00:00:42,00:40:03,01:13:05,,01:30:42
41,4464,Berkin Kuraner,4549,,Men,37,7,,00:00:13,00:29:48,00:55:23,01:16:08,01:32:35
42,4062,Ertuğrul Gazi Kabak,Genel,,Men,38,11,,00:01:22,00:30:40,00:55:18,,01:31:44
43,4375,Örsan Diker,3539,,Men,39,12,,00:00:03,00:31:06,00:56:00,01:16:51,01:33:12
44,3839,Mustafa Berkan Toprak,Genel,,Men,40,12,,00:00:32,00:30:37,00:55:32,01:16:23,01:32:44
45,3622,Erdoğan Dönmez,5559,,Men,41,3,,00:00:06,00:30:07,00:55:54,01:16:56,01:33:14
46,4253,Hayrettin Yildiz,6064,,Men,42,2,,00:00:10,00:31:16,00:56:38,01:17:05,01:33:14
47,4628,Kemal Dede,Genel,,Men,43,14,,00:00:03,00:33:06,00:58:33,01:18:24,01:33:38
48,4483,Ferit Karabakan,Genel,,Men,44,15,,,00:30:21,00:56:05,01:17:09,01:33:42
49,3653,Memet Emin Ataman,4549,,Men,45,8,,,00:30:07,,,01:33:48
50,4563,Ersin Yüce,4044,,Men,46,6,,00:00:07,00:30:45,00:55:58,01:16:41,01:33:42
51,3969,Ahmet Günaltay,Genel,,Men,47,13,,00:00:43,00:32:36,00:56:55,01:17:05,01:33:24
52,4085,Bilgen Bat,Genel,,Women,5,4,,00:00:03,00:30:42,00:56:31,01:17:30,01:34:14
53,4322,Mohammad Asef Etemadi,3539,,Men,48,13,,00:00:12,00:31:47,00:57:22,,01:34:27
54,3859,Atakan Duygun,Genel,,Men,49,18,,,00:31:45,00:57:20,,01:34:43
55,4515,Fatih Kaya,3539,,Men,50,7,,00:07:22,00:28:16,00:51:53,01:11:36,01:27:21
56,4187,Bilal Tahir Hacıoğlu,Genel,,Men,51,17,,00:00:11,00:31:33,00:57:03,,01:34:35
57,3629,Anıl Kantemir,4044,,Men,52,8,,00:00:04,00:30:13,00:56:03,01:17:31,01:34:49
58,3650,Celal Can,4044,,Men,53,7,,00:01:01,00:30:50,00:56:57,,01:34:16
59,4098,Ekrem Okan Kurt,Genel,,Men,54,19,,00:00:09,00:30:48,00:56:49,,01:35:27
60,4291,Ceyhun Demirci,Genel,,Men,55,20,,00:00:06,00:29:38,01:00:02,01:19:48,01:35:38
61,4071,Gürkan Altıkarış,3539,,Men,56,14,,00:00:06,00:31:00,00:57:29,01:18:44,01:35:45
62,4009,Tugay Eyiol,Genel,,Men,57,21,,00:00:00,00:30:37,00:56:35,01:18:35,01:35:58
63,3771,Turan Özdamar,Genel,,Men,58,16,,00:02:28,00:31:05,00:56:36,,01:33:56
64,3928,Turgay Baş,4549,,Men,59,9,,00:00:56,00:33:02,,,01:35:39
65,4479,Barış Erim,4044,,Men,60,9,,00:00:12,00:32:22,00:58:21,,01:36:35
66,4045,Aykut Duman,4549,,Men,61,10,,00:00:10,00:31:19,00:57:48,01:19:19,01:36:44
67,4368,Mert Batıgün,3539,,Men,62,15,,00:00:04,00:31:51,00:58:26,,01:37:02
68,4669,Cafer Doruk,5559,,Men,63,4,,00:00:23,00:30:44,00:57:30,,01:36:52
69,4367,Sercan Çağrı Sanal,Genel,,Men,64,22,,00:00:15,00:33:12,00:59:35,01:20:43,01:37:05
70,3810,Ömer Can Zilcioğlu,Genel,,Men,65,23,,00:00:03,00:31:36,00:57:33,,01:37:33
71,4049,Halil Budak,4044,,Men,66,10,,00:00:03,00:31:42,00:58:24,01:20:23,01:37:45
72,4210,Necati Kurşun,Genel,,Men,67,24,,00:00:15,00:30:21,00:56:01,01:20:28,01:37:40
73,4437,Kenan Koç,4044,,Men,68,11,,00:00:04,00:33:13,00:59:56,01:21:16,01:38:10
74,4300,Adnan Erim,6064,,Men,69,3,,,00:32:13,00:58:53,01:20:41,01:38:28
75,3994,Bedri Gezer,6569,,Men,70,1,,00:00:11,00:31:46,00:58:48,01:20:45,01:38:24
76,3981,Rıza Kartlı,4549,,Men,71,11,,00:00:11,00:32:25,00:58:47,,01:38:36
77,3824,Ali Ege Suda,Genel,,Men,72,25,,00:00:18,00:33:42,01:00:26,,01:38:34
78,3655,Medet Yüzgül,4549,,Men,73,12,,00:00:05,00:31:33,00:58:06,,01:38:51
79,4536,Osman Güneri,4549,,Men,74,13,,00:00:12,00:32:46,00:59:38,,01:38:55
80,3726,Hasan Saruhan Serter,Genel,,Men,75,26,,00:00:25,00:34:27,01:01:22,,01:38:45
81,4416,Barış Demirci,Genel,,Men,76,30,,,00:34:55,01:01:55,01:22:57,01:39:12
82,4597,Ömer Faruk Baş,Genel,,Men,77,27,,00:00:20,00:32:59,00:59:43,01:21:35,01:38:57
83,3652,Dilem Cinli,Genel,,Women,6,5,,00:00:04,00:30:44,00:57:56,,01:39:13
84,4282,Orhan Ekşi,5054,,Men,78,3,,00:00:04,00:32:56,00:59:48,01:21:41,01:39:14
85,4577,Mustafa Etemadı,Genel,,Men,79,28,,00:00:27,00:32:20,00:59:11,01:21:11,01:39:05
86,4171,Mehmet Ali Metin,Genel,,Men,80,29,,00:00:23,00:34:30,01:01:24,,01:39:09
87,3674,Agharahım Huseynov,Genel,,Men,81,33,,,00:32:24,00:59:36,01:22:07,01:39:45
88,4380,Cem Demirci,5559,,Men,82,5,,00:00:07,00:33:20,01:00:14,01:22:27,01:39:42
89,4094,Muhammed Enes Çağlayan,Genel,,Men,83,31,,00:00:24,00:35:00,01:01:45,01:22:56,01:39:34
90,4262,Serdar Varol,4549,,Men,84,14,,00:00:22,00:34:30,01:01:31,01:22:28,01:39:40
91,3611,Adnan Şengül,Genel,,Men,85,34,,00:00:06,00:33:37,01:00:38,,01:39:57
92,4623,Feyat Taz,3539,,Men,86,16,,00:00:16,00:33:12,01:00:09,01:22:10,01:39:47
93,3870,Süleyman Tirozoğlu,5054,,Men,87,4,,00:00:13,00:32:55,00:59:51,01:22:12,01:39:59
94,3821,Fatih Çoban,4549,,Men,88,15,,00:00:14,00:33:04,01:00:07,01:22:23,01:40:00
95,3776,Emre Özbay,3539,,Men,89,18,,00:00:13,00:31:47,00:58:31,01:22:24,01:40:06
96,3676,Özgür Karavaizoğlu,3539,,Men,90,17,,00:00:32,00:32:03,00:59:04,01:21:28,01:40:05
97,3854,Hüseyin Hüsnü Erbil,5559,,Men,91,6,,00:00:08,00:32:51,01:01:20,,01:40:42
98,4485,Abbas Özdemir,Genel,,Men,92,36,,,00:31:28,01:03:36,01:24:30,01:40:54
99,4238,Remzi Ata Eracar,Genel,,Men,93,32,,00:01:19,00:32:48,00:59:33,01:21:37,01:39:36
100,3646,Uğur Bayrak,5559,,Men,94,7,,00:00:13,00:30:37,00:58:03,01:21:15,01:40:44
101,4392,Farzad Asadzadtaleı,Genel,,Men,95,35,,00:00:21,00:32:37,,01:23:23,01:40:41
102,4321,Emre Taşcan,4044,,Men,96,12,,00:01:21,00:32:55,00:59:54,01:22:06,01:39:47
103,4500,Aliye Rabia Sönmez,Genel,,Women,7,6,,,00:31:47,01:01:37,01:23:45,01:41:09
104,4284,Erden Kaçmaz,4549,,Men,97,16,,00:00:02,00:28:57,01:00:36,01:24:13,01:41:11
105,3755,Oussama Zıtoun,3539,,Men,98,19,,00:00:42,00:34:20,01:02:17,01:23:59,01:40:54
106,4491,Gökhan Ayyıldız,4549,,Men,99,17,,00:00:10,00:33:47,01:01:24,01:23:38,01:41:29
107,3791,Hasan Dönmez,6064,,Men,100,4,,00:00:13,00:32:44,01:00:40,01:23:31,01:41:30
108,4467,Halil İbrahim Kılıç,Genel,,Men,101,38,,00:00:16,00:34:37,01:02:10,,01:41:36
109,4164,Orhan Güneş,4044,,Men,102,14,,,00:35:27,01:03:08,01:24:50,01:41:54
110,4390,Mert Kalafatoğlu,4549,,Men,103,18,,00:00:14,00:33:46,01:01:31,,01:41:48
111,4069,Gökmen Toroslu,4044,,Men,104,13,,00:00:23,00:34:29,01:01:25,01:23:55,01:41:40
112,4274,Ediz Kara,Genel,,Men,105,39,,00:00:30,00:34:43,01:02:44,01:24:53,01:41:37
113,4476,Mert Güzelmeriç,Genel,,Men,106,40,,00:00:18,00:34:43,01:02:35,01:25:04,01:41:49
114,4632,Mehmet Deniz Karasoy,Genel,,Men,107,41,,00:00:18,00:34:43,01:02:34,01:25:04,01:41:49
115,3926,Necmi Bayri,5559,,Men,108,8,,00:00:10,00:33:03,01:01:41,01:24:04,01:42:08
116,4498,Yasin Çoruhlu,3539,,Men,109,21,,00:00:02,00:35:06,01:03:14,01:25:09,01:42:23
117,4419,Hilal Yuldasheva,Genel,,Women,8,7,,00:00:07,00:33:59,01:01:50,,01:42:21
118,4372,Ali Poyraz Özdemir,Genel,,Men,110,42,,00:00:12,00:30:55,00:59:03,01:24:04,01:42:18
119,4299,Yaşar Hazar,5559,,Men,111,9,,00:00:04,00:32:37,01:00:43,01:23:54,01:42:29
120,3684,İsa Yıldırım,4044,,Men,112,16,,00:00:03,00:35:18,01:03:16,01:25:34,01:42:34
121,3762,Serdar Yılmaz,3539,,Men,113,20,,00:00:29,00:35:01,01:02:40,,01:42:13
122,3990,Serkan Gökgöz,5054,,Men,114,5,,00:00:03,00:33:12,01:01:11,01:24:14,01:42:44
123,3831,Doğuş Emre Yalçınkaya,4044,,Men,115,17,,00:00:08,00:34:04,,01:24:14,01:42:45
124,4211,Pınar Güngör,Genel,,Women,9,8,,00:00:22,00:35:21,,,01:42:34
125,3968,Okan Akçabozan,4044,,Men,116,15,,00:00:23,00:35:21,01:03:13,01:25:14,01:42:34
126,4088,Ümit Laçin Yalçınkaya,Genel,,Men,117,43,,00:00:17,00:34:34,01:02:27,01:25:16,01:42:40
127,3815,Zeki Buğra Özyuvalı,Genel,,Men,118,37,,00:01:27,00:33:17,01:01:07,01:24:12,01:41:32
128,4018,Abdulkadir Erdem,Genel,,Men,119,44,,00:00:05,00:35:01,01:03:21,01:25:43,01:43:20
129,4699,Egemen Tuğluay,Genel,,Men,120,45,,,00:33:07,01:00:55,01:24:35,01:43:29
130,4004,Ahmed Sunel,3539,,Men,121,22,,00:00:02,00:34:11,01:02:13,01:24:46,01:43:31
131,4546,Necati Caner Altay,4044,,Men,122,18,,00:00:38,00:35:32,,,01:42:56
132,1623,Mehmet Faruk Doğan,Genel,,Men,123,46,,00:00:01,00:33:02,01:00:52,,01:43:41
133,3783,Nidanur Bulduk,Genel,,Women,10,9,,00:00:12,00:35:24,01:03:25,01:25:46,01:43:37
134,3934,Onur Mıhcı,5559,,Men,124,11,,00:00:03,00:32:33,00:59:56,01:23:31,01:43:48
135,4061,Arif Kiper,4549,,Men,125,20,,00:00:02,00:33:12,01:01:52,01:24:55,01:43:51
136,4329,Durali Çolak,6064,,Men,126,5,,,00:33:17,01:02:19,01:26:19,01:43:55
137,4027,Muharrem Çoban,5559,,Men,127,10,,00:00:22,00:34:49,01:02:48,01:25:28,01:43:44
138,4325,Aruzhan Nurbolatqyzy Zulypkhar,Genel,,Women,11,10,,,,,,01:44:15
139,4324,Eduardo Matheus Da Sılva Rıbeıro,4549,,Men,128,21,,00:00:16,00:35:34,01:04:07,,01:44:03
140,4548,Ekrem Çakmak,4044,,Men,129,19,,00:00:27,00:33:41,01:02:30,01:25:33,01:43:58
141,4526,İbrahim Yıldırım,4044,,Men,130,20,,,00:33:16,01:02:44,,01:44:29
142,4351,Norıko Kumagaı,4549,,Women,12,2,,00:00:47,00:34:50,01:02:42,01:25:20,01:43:43
143,4293,Caner Hacılar,Genel,,Men,131,49,,,00:33:32,01:01:31,,01:44:31
144,4687,Osman Yekta,4549,,Men,132,19,,00:00:49,00:35:54,01:03:50,01:26:05,01:43:43
145,3736,Mehmet Aydın,5559,,Men,133,12,,00:00:26,00:34:23,01:02:57,01:25:54,01:44:26
146,4181,Kemal Mehmet Kuzu,Genel,,Men,134,50,,,00:35:39,01:03:32,01:26:21,01:44:56
147,4142,Caner Çelebi,4044,,Men,135,22,,,00:35:19,01:03:30,01:26:23,01:44:58
148,4495,Kadir Çelik,4044,İşitme Engelliler,Men,136,23,1,00:00:01,00:34:30,01:02:39,01:26:26,01:45:03
149,4307,Alican Özobut,3539,,Men,137,25,,00:00:03,00:35:09,,01:26:35,01:45:03
150,4595,Ümit Gümüş,4044,,Men,138,21,,00:00:38,00:33:57,01:02:26,01:25:49,01:44:38
151,4658,Eylem Eltaş,Genel,,Women,13,11,,00:00:03,00:34:51,01:03:20,,01:45:13
152,3630,Gökberk Şahin,Genel,,Men,139,51,,00:00:05,00:35:51,01:04:46,,01:45:14
153,3930,Serkan Çeliktaş,4549,,Men,140,22,,00:00:09,00:34:40,01:03:13,01:26:21,01:45:14
154,3798,Hüseyin Furkan Bülbül,Genel,,Men,141,53,,00:00:12,00:36:39,01:05:23,01:27:32,01:45:16
155,4557,Emel Akkoç,4549,,Women,14,3,,00:00:06,00:34:02,01:02:55,01:26:47,01:45:28
156,4350,Ali Burak Karaman,3539,,Men,142,24,,00:00:48,00:34:33,01:02:35,01:25:49,01:44:55
157,4267,Kamil Dayılar,4549,,Men,143,23,,00:00:07,00:32:52,01:01:34,01:25:37,01:45:41
158,3900,Abdurrahman Demir,Genel,,Men,144,48,,00:01:32,00:34:27,01:03:12,01:26:10,01:44:25
159,4239,Muhammed Er,Genel,,Men,145,47,,00:01:32,00:33:13,01:01:52,,01:44:25
160,4544,Berkay Parlak,Genel,,Men,146,54,,00:00:10,00:34:55,01:03:33,01:27:01,01:45:50
161,4521,Fatih Yücel,Genel,,Men,147,52,,00:00:57,00:35:28,01:03:38,01:26:34,01:45:15
162,3701,Hayati Doğan,5559,,Men,148,13,,00:00:02,00:33:00,01:01:45,01:25:41,01:46:15
163,4649,Arda Akyazı,Genel,,Men,149,55,,00:00:26,00:37:51,01:06:26,01:28:34,01:45:51
164,3893,Ufuk Kalaycı,3539,,Men,150,26,,00:00:09,00:33:08,01:02:32,,01:46:14
165,4465,Aslıhan Özmen,3539,,Women,15,1,,00:00:02,00:35:05,01:03:30,,01:46:24
166,4082,Oktay Kader,4044,,Men,151,24,,00:00:23,00:36:06,01:04:47,01:27:59,01:46:26
167,3719,Kaan Pamukcu,4044,,Men,152,25,,00:00:19,00:36:22,01:04:49,01:28:05,01:46:31
168,3822,Oğuz Balçık,3539,,Men,153,27,,00:00:06,00:36:41,01:06:13,01:29:24,01:46:46
169,4414,Ahmet Koç,5054,,Men,154,6,,00:01:31,00:35:25,01:04:15,01:27:01,01:45:21
170,4332,Kayhan Karpat,4549,,Men,155,24,,00:00:01,00:34:45,01:03:29,01:26:57,01:46:55
171,3746,İlkay Güler,4549,,Men,156,25,,00:00:03,00:34:09,01:03:20,01:27:13,01:47:01
172,3999,Halime Aydın,3539,,Women,16,2,,00:00:22,,01:03:19,,01:46:43
173,4168,Buket Demirci,4549,,Women,17,4,,,00:34:43,01:03:42,,01:47:06
174,4404,Euna Lee,4549,,Women,18,5,,,00:34:51,01:03:36,01:27:37,01:47:10
175,4466,Onur Pastutmaz,Genel,,Men,157,56,,00:00:19,00:35:07,01:03:50,01:28:01,01:46:51
176,4674,Levent Hasırcı,3539,,Men,158,23,,00:02:45,00:35:42,01:04:47,01:27:24,01:44:27
177,4582,Ahmet Ak,Genel,,Men,159,57,,00:00:12,00:34:56,01:03:49,01:27:56,01:47:07
178,4285,Suat İnal,5054,,Men,160,7,,00:00:03,00:35:10,01:03:50,01:27:46,01:47:18
179,4305,Mehmet Şuayıp Kıraç,6064,,Men,161,6,,00:00:18,00:34:37,01:03:31,01:27:54,01:47:08
180,3983,Bora Tosun,Genel,,Men,162,59,,00:00:02,00:36:53,01:06:01,01:29:19,01:47:30
181,3784,tolga naneci,3539,,Men,163,28,,00:00:47,00:36:02,01:05:41,,01:46:55
182,3752,Mehmet Çiçek,6569,,Men,164,2,,00:00:07,00:35:29,01:04:38,01:28:35,01:47:37
183,4194,Günay Günsel,4044,,Men,165,26,,00:00:43,00:35:47,01:04:41,01:28:21,01:47:04
184,3897,Çağla Elmas,Genel,,Women,19,12,,00:00:05,00:37:25,01:08:21,01:30:36,01:47:46
185,4339,Ayşe Özkan Teselli,4549,,Women,20,6,,00:00:38,00:36:35,01:05:49,01:28:38,01:47:13
186,4036,Bilal Elmas,Genel,,Men,166,58,,00:00:27,00:37:39,01:05:45,01:28:49,01:47:28
187,3633,Asım Altıntaş,3539,,Men,167,29,,00:00:34,00:36:40,01:05:38,01:28:54,01:47:22
188,3922,Seren Sevim,4044,,Women,21,1,,00:00:24,00:35:35,01:04:52,,01:47:35
189,4586,Emrah Dankır,Genel,,Men,168,61,,00:00:21,00:33:49,01:02:24,01:26:59,01:48:06
190,4199,Mustafa Köseoğlu,Genel,,Men,169,62,,00:00:17,00:34:54,01:03:15,01:27:47,01:48:16
191,4231,Ahmet Kavruk,Genel,,Men,170,60,,00:01:02,00:36:35,01:05:45,01:29:29,01:47:39
192,4560,Emir Batıkan Uçar,Genel,,Men,171,63,,00:00:13,00:35:29,01:05:08,01:29:29,01:48:30
193,4003,Ender Erdoğmuş,4044,,Men,172,28,,00:00:11,00:36:18,01:06:26,01:30:15,01:48:54
194,3770,Talha Kerem Kalfa,Genel,,Men,173,64,,00:00:12,00:36:01,01:05:05,01:29:19,01:48:58
195,3932,Sam Aharıpour,Genel,,Men,174,65,,00:00:14,00:34:57,01:04:38,01:29:21,01:49:13
196,3959,Betül Tezel,5559,,Women,22,1,,,00:35:28,01:04:55,01:29:37,01:49:28
197,4657,Turgay Arslan,4044,,Men,175,29,,00:00:23,00:35:05,01:04:31,01:29:12,01:49:06
198,3894,Dursun Yücel Akçay,4044,,Men,176,27,,00:00:56,00:35:33,01:04:38,01:29:08,01:48:44
199,4279,Çağlar Gelekçi,Genel,,Men,177,67,,00:00:02,00:35:06,01:04:57,01:30:06,01:49:57
200,4197,Mustafa Gündüz,3539,,Men,178,30,,00:00:08,00:39:30,01:07:58,01:30:58,01:49:55
201,4275,Ahmet Borga Karavit,Genel,,Men,179,68,,00:00:06,00:34:45,01:05:36,,01:50:12
202,3739,Faysal Allaf,Genel,,Men,180,69,,00:00:04,00:35:52,01:07:16,01:31:27,01:50:15
203,3806,Mehmet Akkaya,4549,,Men,181,27,,00:00:05,00:34:37,01:04:11,01:29:06,01:50:15
204,4156,Serkan Şen,4044,,Men,182,31,,00:00:58,00:36:10,01:06:50,01:30:47,01:49:23
205,3886,Yunus Emre İnan,Genel,,Men,183,66,,00:00:58,00:36:09,01:06:49,,01:49:22
206,4281,Uğur Şeker,3539,,Men,184,31,,,00:37:35,01:06:54,01:31:05,01:50:23
207,4637,Esra Yurtsever,4549,,Women,23,8,,00:00:09,00:37:27,01:07:08,,01:50:23
208,4668,Kerim Koç,4044,,Men,185,30,,00:01:15,00:36:17,01:05:18,01:29:40,01:49:19
209,3748,Yasemin Verani Başkut,3539,,Women,24,3,,00:00:21,00:35:32,01:06:23,01:30:59,01:50:21
210,4278,Süleyman Savaş,4549,,Men,186,26,,00:00:30,00:35:18,01:04:47,01:29:40,01:50:14
211,4241,Madıyar Muratbek,Genel,,Men,187,70,,00:00:24,00:36:15,01:05:53,01:30:27,01:50:22
212,3763,Abdurrahman Şahin,5054,,Men,188,9,,00:00:05,00:35:51,01:05:51,01:30:43,01:50:51
213,4533,Melisa Özbek Kor,4549,,Women,25,7,,00:02:34,00:35:21,01:05:11,,01:48:27
214,4328,Aki Takeda,5054,,Men,189,8,,00:00:49,00:34:50,01:02:39,01:28:38,01:50:15
215,4523,Muhammet Binici,Genel,,Men,190,71,,00:00:11,00:34:43,01:04:17,01:29:46,01:50:55
216,3901,Ali Nihat Hüsman,5054,,Men,191,10,,,00:36:48,01:06:28,,01:51:11
217,4567,Şemsi Seher Serin,Genel,,Women,26,13,,00:01:32,00:37:19,01:07:47,01:31:06,01:49:53
218,3814,Sami Yılgör Demirdağ,4549,,Men,192,30,,,00:37:41,01:08:04,,01:51:33
219,4618,Hüseyin Emir Pulat,Genel,,Men,193,72,,00:00:11,00:37:33,01:08:18,01:32:28,01:51:23
220,4234,Yüksel Duman,5054,,Men,194,11,,00:00:20,00:36:59,01:07:43,,01:51:15
221,3745,Ferhat Sayın,3539,,Men,195,33,,00:00:11,00:36:04,01:06:13,01:30:55,01:51:37
222,3834,İlker Karaoğlu,4044,,Men,196,32,,00:00:12,00:35:17,01:06:06,01:31:30,01:51:40
223,3778,Fehmi Genç,4549,,Men,197,31,,00:00:10,00:32:44,01:01:46,01:29:03,01:51:42
224,4444,Mehmet Hakan Tekelioğlu,5559,,Men,198,14,,,00:37:41,01:07:28,,01:51:53
225,4481,Mehmet Cemil Türkeri,4549,,Men,199,29,,00:00:21,00:36:56,01:07:44,,01:51:32
226,3912,Alpaslan Çetin,4549,,Men,200,28,,00:00:51,00:35:46,01:05:50,01:31:10,01:51:04
227,4095,Ömer Selçuk Ökmen,4549,,Men,201,33,,00:00:03,00:39:35,01:12:47,,01:51:56
228,3906,Hasan Karsili,3539,,Men,202,32,,00:00:47,00:36:02,01:06:07,01:31:15,01:51:13
229,4260,Şemi Pekşenoğlu,Genel,,Men,203,73,,00:00:15,00:39:08,01:09:32,,01:51:46
230,3992,Gülsün Adıgüzel,3539,,Women,27,4,,00:00:03,00:36:08,01:06:55,,01:52:07
231,4648,Atila Çetin,5054,,Men,204,13,,00:00:26,00:36:22,01:06:53,01:31:52,01:51:51
232,3846,İsa Taş,3539,,Men,205,34,,00:00:08,00:39:46,01:10:27,,01:52:17
233,4578,Batuhan Berke Oran,Genel,,Men,206,74,,00:00:35,00:38:42,01:09:14,01:33:21,01:51:51
234,3737,Can Gavrilidis,6569,,Men,207,3,,00:00:11,00:36:45,01:07:39,01:32:38,01:52:16
235,4433,Necmi Ferhan Yurtcanlı,4549,,Men,208,32,,00:00:41,00:37:02,01:07:54,,01:51:48
236,4406,Yunus Emre Ersoy,Genel,,Men,209,75,,00:00:16,00:40:25,01:10:19,01:33:58,01:52:13
237,4219,Bilgen Yüksel Gençer,4549,,Women,28,9,,,00:37:36,,,01:52:35
238,3702,Ömer Can Gürol,3539,,Men,210,36,,,00:36:46,01:07:37,01:32:52,01:52:54
239,4347,Şükrü Altunsu,Genel,,Men,211,76,,00:00:38,00:36:29,01:06:37,01:31:56,01:52:31
240,4209,Necmi Mürsel Metin,Genel,,Men,212,77,,00:00:35,00:34:11,01:04:36,01:30:48,01:52:36
241,4248,Cabir Beyaz,3539,,Men,213,37,,00:00:09,00:39:48,01:10:26,01:34:38,01:53:06
242,3827,Emre Taştemel,Genel,,Men,214,80,,00:00:20,00:39:01,01:09:20,01:33:51,01:52:57
243,4396,Emir Girit,3539,,Men,215,38,,00:00:06,00:35:48,01:06:57,01:32:25,01:53:19
244,4541,Faruk Camadan,3539,,Men,216,39,,,00:39:23,01:10:12,01:34:25,01:53:33
245,4559,Numan Abdul Barı Khan,3539,,Men,217,35,,00:00:48,00:36:37,01:07:43,01:32:38,01:52:45
246,4099,Abdurrahman Kasap,3539,,Men,218,40,,,00:39:33,01:10:29,,01:53:37
247,3844,Efe Çetiner,Genel,,Men,219,79,,00:00:54,00:35:48,01:06:29,01:31:52,01:52:48
248,3867,Yavuz Uysal,4044,,Men,220,34,,,00:37:13,01:07:29,,01:53:46
249,4702,Osman Faruk Er,Genel,,Men,221,82,,00:00:26,00:37:19,01:07:33,01:32:37,01:53:22
250,4149,Hasan Tok,5559,,Men,222,15,,,00:38:42,01:09:00,01:33:41,01:53:49
251,4272,Yavuz Selim Kökten,4549,,Men,223,34,,,00:38:33,01:09:02,01:33:41,01:53:50
252,3830,Emir Gemalmaz,Genel,,Men,224,81,,00:00:41,00:39:06,01:09:54,,01:53:12
253,4455,Ozan Sinal,4044,,Men,225,36,,,00:37:06,01:06:43,01:32:48,01:53:57
254,3712,Erdem Dönmez,Genel,,Men,226,86,,00:00:07,00:38:18,01:09:45,01:34:24,01:53:51
255,3787,Eda Kezik,4044,,Women,29,2,,00:00:08,00:38:18,01:09:45,01:34:24,01:53:58
256,4175,Tarık Koşar,4044,,Men,227,33,,00:00:54,00:38:53,01:09:41,01:33:52,01:53:18
257,3954,Hamza Çelik,Genel,,Men,228,85,,00:00:37,00:35:08,01:06:09,01:31:06,01:53:39
258,4105,Yiğit Çakır,3539,,Men,229,41,,00:00:24,00:37:49,01:08:00,01:33:12,01:53:53
259,4341,Can Şaylan,4044,,Men,230,37,,,00:39:47,01:10:36,,01:54:21
260,4661,Ali Osman Parlak,4044,,Men,231,35,,00:00:32,00:39:53,01:11:22,,01:53:50
261,4431,Abdullah Yücel,Genel,,Men,232,84,,00:00:56,00:35:28,01:06:14,01:32:36,01:53:39
262,3797,Burak Kuru,4549,,Men,233,35,,00:00:25,00:40:09,01:11:12,01:35:18,01:54:29
263,3966,Resül Dinç,5054,,Men,234,15,,00:00:21,00:40:53,01:13:01,01:35:50,01:54:35
264,4379,Duygu Usul,Genel,,Women,30,14,,00:00:09,00:37:49,01:09:04,01:34:20,01:54:48
265,4527,Mehmet Korkmaz,3539,,Men,235,44,,,00:36:10,01:06:51,01:33:12,01:54:58
266,4452,Yaşar Volkan Tanyeri,3539,,Men,236,43,,00:00:19,00:37:03,01:08:07,,01:54:45
267,4019,Uğur Kadan,5054,,Men,237,14,,00:00:51,00:37:35,01:08:21,,01:54:13
268,4462,İsmail Birim,6569,,Men,238,4,,00:00:29,00:39:01,01:09:54,01:35:10,01:54:49
269,4413,Alpaslan Makbuloğlu,Genel,,Men,239,89,,00:00:01,00:44:41,01:29:52,,01:55:24
270,3631,Sezer Topsakal,Genel,,Men,240,87,,00:00:50,00:36:25,01:07:04,01:33:18,01:54:38
271,4362,Barış Pakiş,5559,,Men,241,17,,00:00:03,00:37:54,01:09:31,01:35:15,01:55:29
272,4176,Alper Demiryay,3539,,Men,242,45,,00:00:19,00:37:55,01:09:18,,01:55:29
273,4471,Mustafa Budak Timuralp,5054,,Men,243,16,,00:00:20,00:37:55,01:09:17,01:34:56,01:55:29
274,3740,Mustafa Berk Şenal,Genel,,Men,244,83,,00:02:17,00:35:10,01:06:51,01:32:28,01:53:35
275,4616,Fatih Efe,3539,,Men,245,46,,,00:36:55,01:09:08,01:35:51,01:55:54
276,3974,Dilara Yavuz,Genel,,Women,31,16,,00:00:05,00:36:56,01:08:41,,01:55:49
277,4654,Yakup Emre Tekin,Genel,,Men,246,91,,00:00:14,00:36:58,01:08:38,,01:55:40
278,3951,Günseli Asu Avar,5054,,Women,32,1,,00:00:40,00:39:23,01:09:59,01:35:02,01:55:17
279,3975,Murat Ecevit Aydın,5054,,Men,247,17,,00:00:20,00:38:27,01:09:51,,01:55:38
280,3805,Coşkun Yağız Aydın,Genel,,Men,248,94,,,00:40:31,01:12:40,,01:56:09
281,4225,Mert Güven,Genel,,Men,249,96,,00:00:04,00:38:29,01:09:24,,01:56:11
282,3967,Duran Kirtik,5559,,Men,250,16,,00:00:54,00:38:43,01:10:05,01:35:56,01:55:22
283,3802,Didem Çetin,Genel,,Women,33,15,,00:00:53,00:42:31,01:33:45,,01:55:35
284,4316,Turhan Erdem,Genel,,Men,251,88,,00:01:16,00:37:24,01:08:01,01:34:28,01:55:20
285,4193,Güven Güçlütürk,5054,,Men,252,12,,00:05:14,00:36:28,01:06:53,01:31:52,01:51:22
286,3976,Macit Türkistani,4044,,Men,253,39,,00:00:10,00:39:59,01:12:26,01:37:23,01:56:27
287,4611,Yusuf Kurtcebe,Genel,,Men,254,97,,00:00:27,00:39:22,01:10:06,01:35:42,01:56:11
288,4066,Ayca Çelik,Genel,,Women,34,18,,00:00:24,00:39:56,01:11:45,01:36:40,01:56:14
289,4178,Barış Karaderili,Genel,,Men,255,100,,00:00:15,00:37:45,01:08:54,,01:56:26
290,4600,Muhammed Maşuk Kurtcebe,Genel,,Men,256,98,,00:00:27,00:39:22,01:10:05,01:35:41,01:56:17
291,4162,Nefise Çağla Tarhan,5559,,Women,35,2,,00:00:10,00:38:24,01:10:31,01:36:17,01:56:35
292,4022,Cemal Çarhoğlu,Genel,,Men,257,99,,00:00:22,00:38:32,01:10:26,01:36:38,01:56:24
293,4435,Zeyneti Uluadam,5054,,Women,36,2,,00:00:39,00:39:16,,,01:56:16
294,4008,Evren Başbunar,4044,,Men,258,38,,00:00:56,00:38:00,01:09:53,,01:55:59
295,4139,Eren Taşkıran,Genel,,Men,259,101,,00:00:27,00:41:30,01:13:19,01:38:18,01:56:33
296,4125,Özgün Deniz Karali,3539,,Men,260,47,,00:01:04,00:36:20,01:07:37,,01:55:58
297,3985,Tamer Karamustafa,Genel,,Men,261,92,,00:01:14,00:39:35,01:10:49,,01:55:55
298,3957,Zeki Holacı,4549,,Men,262,36,,00:00:50,00:39:54,01:12:17,01:36:53,01:56:22
299,4014,Mahir Berk Topaloğlu,4044,,Men,263,40,,00:00:39,00:40:49,01:12:08,01:37:33,01:56:42
300,4646,Ata Yalçın,Genel,,Men,264,103,,,00:37:36,01:09:12,,01:57:22
301,4554,Ahmet Özkaya,4044,,Men,265,41,,,,01:09:13,01:35:00,01:57:22
302,4112,Betül Us,Genel,,Women,37,20,,00:00:32,00:38:59,01:10:26,01:36:36,01:56:53
303,4540,Mahmut Alper Altınok,4549,,Men,266,37,,00:00:37,00:35:32,01:07:01,01:34:02,01:56:49
304,3654,İbrahim Kalem,4549,,Men,267,39,,00:00:03,00:37:01,01:09:22,01:36:03,01:57:33
305,1871,Pelin Alpkökin,5054,,Women,38,3,,00:00:44,00:39:16,01:11:11,01:36:45,01:56:59
306,4638,Ejder Levent Arslaner,4549,,Men,268,38,,00:00:26,00:40:08,01:11:43,,01:57:17
307,3716,Sibel Tezel,5559,,Women,39,3,,,00:37:13,01:09:06,,01:57:46
308,4366,Cihat Özeray,Genel,,Men,269,90,,00:02:25,00:38:22,01:10:00,01:35:54,01:55:29
309,4147,Ömer Arda Yel,Genel,,Men,270,78,,00:05:29,00:41:17,01:12:07,01:35:36,01:52:38
310,3606,Kadir Özarslan,Genel,,Men,271,105,,00:00:09,00:40:44,01:14:17,01:38:28,01:58:02
311,3903,Sude Naz Atlas,Genel,,Women,40,21,,,,00:42:45,01:24:52,01:58:12
312,4313,Devrim Mert Kıvrak,Genel,,Men,272,108,,,00:38:01,01:08:54,01:35:41,01:58:14
313,3713,Erdem Sezer,Genel,,Men,273,106,,00:00:10,00:37:38,01:09:58,01:36:23,01:58:05
314,3658,Emre Adıgüzel,4044,,Men,274,43,,,00:39:44,,,01:58:20
315,4436,Berna Yılmaz,4044,,Women,41,3,,00:00:41,00:39:30,01:11:54,01:37:19,01:57:42
316,4015,Yavuz Selim Ustaoğlu,3539,,Men,275,51,,,00:40:45,01:12:15,01:38:16,01:58:24
317,4662,Mustafa Özger Bayer,3539,,Men,276,50,,00:00:06,00:37:04,01:08:24,01:34:52,01:58:24
318,4214,Mehmet Eren Balcı,Genel,,Men,277,110,,00:00:07,00:39:03,01:11:13,01:37:16,01:58:25
319,3982,Cem Karakoç,Genel,,Men,278,109,,00:00:15,00:35:02,01:07:40,01:35:52,01:58:18
320,3638,Ahmet Ata Pişkin,Genel,,Men,279,107,,00:00:20,00:34:51,01:07:57,,01:58:13
321,4591,Ozan Fahri Yüksel,5054,,Men,280,18,,00:00:36,00:38:30,01:09:39,01:36:41,01:57:58
322,3984,İsmail Keskin,5054,,Men,281,19,,00:00:02,00:34:29,01:06:08,01:34:16,01:58:35
323,3667,Yusuf Kılıç,3539,,Men,282,49,,00:00:16,00:38:57,01:10:59,,01:58:22
324,4438,Şadiye Buse Güçer,Genel,,Women,42,22,,,00:40:08,01:12:18,,01:58:46
325,4091,Kerem Sabri Gül,Genel,,Men,283,115,,00:00:15,00:39:59,01:12:01,,01:58:36
326,4122,Muhammed Salih Kınık,Genel,,Men,284,113,,00:00:16,00:37:07,01:08:19,01:33:32,01:58:36
327,4055,Murat Furkan Bozbıyık,Genel,,Men,285,116,,00:00:07,00:39:03,01:11:14,01:37:17,01:58:47
328,4090,Hüseyin Burgaz,5054,,Men,286,20,,00:00:01,00:37:11,01:10:53,,01:58:54
329,3683,Fırat Kahraman Aykara,Genel,,Men,287,102,,00:02:25,00:38:22,01:10:01,01:35:53,01:56:37
330,3612,Burak Kuday,Genel,,Men,288,118,,00:00:06,00:39:00,01:10:20,01:37:51,01:59:04
331,4157,Muzaffer Ege Bükülmez,Genel,,Men,289,119,,,00:42:54,01:14:59,01:39:22,01:59:15
332,3979,Hüsniye Albayrak,4549,,Women,43,10,,00:00:08,00:40:08,01:12:19,,01:59:07
333,4068,Bülent Albayrak,5054,,Men,290,21,,00:00:07,00:40:09,01:12:20,01:38:10,01:59:08
334,3790,Özge Sınar,Genel,,Women,44,23,,00:00:12,00:41:46,01:15:19,01:39:35,01:59:06
335,4566,Ufuk Saray,Genel,,Men,291,117,,00:00:19,00:36:40,01:10:12,01:38:27,01:59:00
336,3828,Mehmet Ali Yalçınkaya,Genel,,Men,292,111,,00:00:47,00:39:45,01:11:53,,01:58:34
337,4651,Hakan Yalçınkaya,Genel,,Men,293,112,,00:00:47,00:39:44,01:11:53,01:37:16,01:58:34
338,3707,Serdar Alemdar,Genel,,Men,294,114,,00:00:46,00:39:05,01:11:13,01:37:31,01:58:36
339,3693,Ömer Küllü,Genel,,Men,295,93,,00:03:44,00:39:35,01:11:16,01:36:20,01:55:57
340,4107,Arzu Funda Bağcıgil,5054,,Women,45,4,,00:00:12,,,01:37:52,01:59:31
341,3845,Tamer Korkmaz,3539,,Men,296,48,,00:02:11,00:42:34,01:14:10,01:38:46,01:57:38
342,4503,Yiğit Esen,Genel,,Men,297,120,,00:00:35,00:44:27,01:15:50,01:40:35,01:59:17
343,4345,Ayhan Özsoy,6569,,Men,298,5,,00:01:13,00:39:18,01:11:43,01:37:34,01:58:47
344,4691,Erdem Ramanuja Akyer,3539,,Men,299,52,,00:00:05,00:42:26,01:15:57,,01:59:59
345,3937,Abdussamad Sırajo Amınu,Genel,,Men,300,104,,00:02:23,00:42:03,01:12:14,01:37:38,01:57:56
346,4111,Özgür Kılıç,Genel,,Men,301,122,,00:00:05,00:37:18,01:09:55,01:38:02,02:00:15
347,3768,Bekir İnan,3539,,Men,302,55,,00:00:17,00:38:26,01:10:07,01:37:27,02:00:09
348,4665,Ece Ertopcu,4549,,Women,46,11,,,00:40:53,01:13:16,,02:00:26
349,3842,Özgün Akkaymak,3539,,Men,303,53,,00:00:27,00:40:17,01:13:09,,02:00:03
350,4391,Ahmet Erkan,3539,,Men,304,57,,00:00:05,00:35:32,01:08:01,01:36:50,02:00:27
351,4421,Kıvanç Akşit,4549,,Men,305,40,,00:00:43,00:39:53,,,01:59:51
352,4376,Umut Can Özyılmaz,Genel,,Men,306,121,,00:00:24,00:40:54,01:13:22,01:39:48,02:00:11
353,3634,Samet İlter Mete,3539,,Men,307,54,,00:00:25,00:40:20,01:11:50,01:38:32,02:00:09
354,4517,Sophie Selma Simone Buruk,Genel,,Women,47,24,,00:00:42,00:37:40,01:09:55,01:37:34,01:59:55
355,4280,Haluk Ekici,3539,,Men,308,42,,00:06:32,00:39:52,01:11:09,,01:54:09
356,4642,Durmuş Berat Gök,Genel,,Men,309,123,,00:00:30,00:43:35,01:14:24,,02:00:15
357,4512,Emre Şapcı,5054,,Men,310,22,,,00:38:29,01:10:37,01:37:44,02:00:46
358,4679,Onur Yılmaz,4044,,Men,311,44,,00:01:55,00:38:01,01:10:15,01:36:41,01:58:54
359,4288,İbrahim Topaloğlu,Genel,,Men,312,124,,00:00:27,00:38:12,01:12:38,01:42:23,02:00:22
360,4289,Mehmet Fatih İldeç,3539,,Men,313,56,,00:00:25,00:39:36,01:12:33,,02:00:27
361,3747,Adem Karamahmut,5559,,Men,314,18,,00:00:35,00:38:04,01:11:27,01:38:20,02:00:21
362,4249,Kamile Begüm Alan,Genel,,Women,48,25,,00:00:13,00:41:11,01:13:59,,02:01:04
363,4565,Hüseyin Asar,4549,,Men,315,41,,00:00:41,00:39:18,01:10:17,,02:00:39
364,3640,Tolgahan Polat,3539,,Men,316,58,,00:00:30,,01:21:19,,02:00:51
365,4511,Ali Selçuk Sakmar,5559,,Men,317,19,,,,,,02:01:31
366,4601,Omar Azzazy,Genel,,Men,318,127,,00:00:09,00:39:19,01:13:26,01:40:07,02:01:35
367,3852,Khaled Ahmed Mostafa Mohamed Yassen,Genel,,Men,319,125,,00:01:07,00:44:30,01:15:32,01:40:56,02:00:44
368,4684,Kağan Aydın,Genel,,Men,320,126,,00:00:24,00:40:21,01:11:51,01:37:51,02:01:27
369,3785,Emre Yıldız,4044,,Men,321,46,,,00:47:37,01:19:43,,02:02:11
370,4509,Benhür Dokuzkardeş,4549,,Men,322,42,,00:00:26,00:43:57,01:17:49,01:42:43,02:01:49
371,3625,Davıd Matthew Anderson,70+,,Men,323,1,,00:01:07,00:39:30,01:13:09,01:39:50,02:01:14
372,3843,Ahmet Furkan Tahtacıoğlu,Genel,,Men,324,128,,00:00:38,00:40:13,01:14:20,01:42:09,02:01:44
373,4454,Adil Deveci,Genel,,Men,325,129,,00:00:40,00:37:44,01:10:45,01:39:22,02:01:48
374,3751,Olcay Aydın,5559,,Men,326,20,,00:00:21,00:41:05,01:13:54,01:40:29,02:02:10
375,4480,Kadir Berkay Aytekin,4044,,Men,327,47,,00:00:21,00:39:01,01:11:33,01:38:41,02:02:18
376,3753,Süleyman Can Akman,4044,,Men,328,48,,00:00:14,00:40:54,01:12:56,01:38:58,02:02:33
377,4399,Sergen Arslan,Genel,,Men,329,133,,00:00:02,00:35:05,01:03:37,,02:02:53
378,3986,Halit Mert Hartevioğlu,Genel,,Men,330,132,,00:00:41,00:39:06,01:12:47,01:40:33,02:02:22
379,4323,Emre Şenbabaoğlu,4044,,Men,331,49,,00:00:31,00:39:18,01:13:00,01:40:31,02:02:36
380,4633,Sabri Tezcan,Genel,,Men,332,131,,00:00:54,00:42:13,01:14:58,01:41:12,02:02:18
381,3671,Muhammet Erol Kerim,Genel,,Men,333,141,,,00:40:26,01:14:19,,02:03:33
382,3757,Yunus Emre Güzeltepe,Genel,,Men,334,138,,00:00:22,00:39:51,01:13:01,01:40:45,02:03:10
383,3700,Can Yıldırım,Genel,,Men,335,137,,00:00:31,00:46:12,01:19:06,01:43:30,02:03:10
384,3925,Ethem Can Narlı,Genel,,Men,336,134,,00:00:43,00:42:07,01:15:43,01:42:14,02:02:57
385,3728,Andaç Can Demirci,Genel,,Men,337,135,,00:00:44,00:42:06,01:15:43,01:42:15,02:02:59
386,4387,Timur Arslan,Genel,,Men,338,140,,00:00:16,00:38:28,01:12:44,01:40:18,02:03:29
387,3904,Emirhan Altay,Genel,,Men,339,139,,00:00:39,00:40:11,01:14:19,01:42:14,02:03:21
388,4685,Ersan Baraz,4549,,Men,340,44,,00:00:16,00:42:10,01:18:37,01:45:42,02:03:47
389,4044,Mehmet Kar,4549,,Men,341,45,,00:00:20,00:38:40,01:12:35,01:40:41,02:03:47
390,3940,Oktay Kurada,Genel,,Men,342,136,,00:01:20,00:42:08,01:14:48,01:41:19,02:03:02
391,4383,Kubilay Dökümcü,3539,,Men,343,59,,00:00:15,00:39:51,01:13:51,01:41:05,02:04:09
392,3641,Tolga Hacıhasanoğlu,4549,,Men,344,43,,00:00:50,00:41:10,01:15:31,01:42:26,02:03:34
393,4680,Emre Can Akşit,Genel,,Men,345,144,,00:00:04,00:42:27,01:15:59,01:42:21,02:04:27
394,4256,Yusuf Baler,4044,,Men,346,45,,00:03:34,00:37:40,,01:39:13,02:01:03
395,3908,Reza Partovı Meran,3539,,Men,347,60,,00:00:20,00:38:39,01:12:35,01:40:40,02:04:19
396,4459,Pedram Meskarıan,4549,,Men,348,47,,00:00:22,00:40:52,01:14:37,01:42:28,02:04:24
397,3765,Yasin Reisoğlu,Genel,,Men,349,142,,00:00:38,00:40:12,01:14:20,01:42:10,02:04:09
398,4696,Turgay Güler,4044,,Men,350,50,,00:00:10,00:37:33,01:11:01,01:40:29,02:04:41
399,4378,Emra Şahin,5054,,Men,351,23,,00:00:50,00:41:02,01:13:48,01:41:22,02:04:01
400,3988,Serdar Yıldız,Genel,,Men,352,143,,00:00:29,00:38:46,01:12:36,01:40:44,02:04:24
401,3885,Gozde Aydın,4044,,Women,49,4,,00:00:43,00:41:47,01:15:04,,02:04:14
402,4622,Ferhan Özturhan,Genel,,Women,50,26,,00:00:44,00:42:06,01:15:43,01:42:30,02:04:13
403,4643,Kemal Bilen,3539,,Men,353,61,,00:00:38,00:43:34,01:16:35,01:43:14,02:04:23
404,4448,Ulaş Bay,4549,,Men,354,46,,00:00:41,00:39:30,01:13:03,01:41:05,02:04:21
405,4333,Ayşegül Bay,3539,,Women,51,5,,00:00:40,00:39:31,01:13:04,,02:04:22
406,3789,Ali Fuat Kaplan,5559,,Men,355,22,,00:00:09,00:40:23,01:14:26,01:42:26,02:04:56
407,4133,Yalın Efe Aydin,Genel,,Men,356,145,,00:00:27,00:39:30,01:13:54,01:42:27,02:05:03
408,3924,Sedat Serçe,5054,,Men,357,24,,00:00:29,00:39:35,,01:41:58,02:05:02
409,3909,Alperen Dinçer,Genel,,Men,358,146,,00:00:27,00:37:39,01:14:47,01:42:50,02:05:05
410,4686,Sedat Kaymaz,5054,,Men,359,25,,00:00:24,00:43:55,01:16:57,01:43:42,02:05:16
411,4672,Serhan Yapar,3539,,Men,360,62,,00:00:12,00:40:04,01:13:10,01:41:33,02:05:32
412,4645,Aycan Ersal,Genel,,Women,52,27,,00:00:16,00:40:51,01:14:46,01:43:04,02:05:29
413,4297,Ebru Dönmez,5054,,Women,53,5,,00:00:11,00:39:50,01:14:09,,02:05:37
414,3918,Resmigül Yıldırım,6064,,Women,54,1,,00:00:15,00:41:10,01:15:26,,02:05:33
415,4357,Layan Tulaımat,Genel,,Women,55,28,,00:00:09,00:35:47,01:09:20,01:40:28,02:05:43
416,3952,Emre Başer,4044,,Men,361,51,,00:00:02,00:37:21,01:11:59,01:41:11,02:05:51
417,4695,Kenan Tunçay,Genel,,Men,362,149,,00:00:09,00:39:54,01:14:17,01:43:07,02:05:45
418,3758,Umut Gülmez,Genel,,Men,363,150,,00:00:09,00:40:45,01:14:17,01:43:07,02:05:45
419,3829,Yılmaz Kiper,4549,,Men,364,48,,00:00:55,,01:42:35,,02:05:07
420,4051,Khalid Samer Al Masri,Genel,,Men,365,148,,00:00:42,00:39:01,01:11:26,01:39:48,02:05:25
421,4233,Kerem Gül,4549,,Men,366,50,,00:00:38,00:39:54,01:14:55,01:43:16,02:06:16
422,4555,Hasan Bakırcı,5054,,Men,367,26,,00:01:33,00:41:15,01:15:15,01:42:51,02:05:36
423,4106,Emin Serfidan,4549,,Men,368,51,,00:00:48,00:44:15,01:17:59,01:45:29,02:06:27
424,3731,Uygar Şirin,4044,,Men,369,52,,00:00:24,00:41:51,01:16:46,01:44:43,02:06:57
425,3777,Okan Yurt,Genel,,Men,370,159,,,00:43:58,01:17:39,01:45:00,02:07:23
426,4110,Melike Atmaca,3539,,Women,56,7,,00:00:03,00:39:46,01:14:40,01:43:56,02:07:27
427,4475,Uğur Kara,Genel,,Men,371,130,,00:05:26,00:41:44,01:14:47,01:40:56,02:02:06
428,4700,Kaan Üstünboy,Genel,,Men,372,152,,00:01:07,00:42:14,01:16:34,,02:06:31
429,4653,Paşan Sancak,Genel,,Men,373,154,,00:01:09,00:42:12,01:16:33,,02:06:32
430,3729,Uğur Can Polat,Genel,,Men,374,153,,00:01:10,00:42:11,01:16:31,01:43:58,02:06:32
431,4549,Mehmet Ali Yıldırım,Genel,,Men,375,155,,00:01:08,00:42:13,01:16:34,01:44:01,02:06:38
432,3812,Emir Çimen,Genel,,Men,376,157,,00:00:44,00:42:10,01:14:15,01:42:46,02:07:06
433,3636,Gizem Karagülle Acet,Genel,,Women,57,29,,00:00:55,00:42:50,01:17:48,01:45:41,02:07:07
434,4029,Ulaş Utku,Genel,,Men,377,147,,00:02:54,00:40:41,01:14:42,01:42:16,02:05:14
435,4273,Eser Bakırcı,4044,,Men,378,53,,00:00:37,00:44:13,01:18:40,01:46:22,02:07:37
436,4101,Erbil Paç,4044,,Men,379,54,,00:00:03,00:39:43,01:16:03,01:45:27,02:08:23
437,4136,Semih Yılmaz,3539,,Men,380,64,,00:00:49,00:43:35,,01:44:41,02:07:38
438,4250,Yavuzalp Güler,Genel,,Men,381,158,,00:01:10,00:40:46,01:15:01,01:43:40,02:07:20
439,4017,Arif Hikmet Bildik,6569,,Men,382,6,,,00:42:22,01:17:44,,02:08:37
440,3766,Ali Saygel,Genel,,Men,383,162,,00:00:40,00:45:48,,01:46:06,02:08:08
441,3605,Tahsin Cem Gürsel,3539,,Men,384,65,,00:00:47,00:44:48,01:19:41,01:47:15,02:08:19
442,4510,Hüseyin Beki,Genel,,Men,385,164,,00:00:05,00:42:35,01:18:42,01:44:27,02:09:15
443,4525,Nilüfer Keskin,4044,,Women,58,5,,00:00:31,00:40:24,01:15:20,01:47:37,02:08:59
444,3881,Senemnur Tonyalı,Genel,,Women,59,30,,00:00:29,00:42:38,01:16:19,01:45:31,02:09:04
445,4585,Mert Şener,3539,,Men,386,67,,00:00:02,00:39:24,01:13:38,01:43:31,02:09:31
446,4528,Mete Tuğrul Sarıoğlu,Genel,,Men,387,163,,00:00:47,00:46:56,01:20:35,01:47:24,02:08:53
447,3911,İpek Munar,Genel,,Women,60,31,,00:00:35,00:41:48,01:17:23,,02:09:09
448,4477,Abdullah Erdoğdu,3539,,Men,388,68,,,00:39:42,01:13:52,,02:09:45
449,4484,Gürkan Eskalen,Genel,Üst ekstremite engeli,Men,389,166,1,00:00:09,00:43:00,01:17:15,01:45:51,02:09:43
450,4606,Burak Günaydın,3539,,Men,390,66,,00:00:55,00:40:01,01:14:23,01:44:40,02:09:01
451,3607,Orhan Mertkan Yapgu,4044,,Men,391,42,,00:12:33,00:37:53,01:10:17,,01:57:25
452,4673,Duygu Altekin,4549,,Women,61,13,,00:00:37,00:43:13,01:18:33,01:47:12,02:09:28
453,4344,Kezban Karapınar,4044,,Women,62,6,,00:00:37,00:43:13,01:18:33,01:47:12,02:09:29
454,4683,Burak Altındal,5054,,Men,392,27,,00:00:37,00:43:13,01:18:33,01:47:13,02:09:29
455,4252,Seda Piyadeoğlu,Genel,,Women,63,32,,00:00:30,00:43:07,01:18:13,01:46:26,02:09:37
456,4113,Şahin Keskin,3539,,Men,393,63,,00:02:50,00:40:01,01:13:52,01:43:02,02:07:22
457,3946,Belkis Mert Burgaz,5559,,Women,64,4,,00:00:01,00:39:33,01:14:01,01:44:34,02:10:11
458,4286,Amir Sarvarov Argın,Genel,,Men,394,170,,,00:42:16,01:16:32,,02:10:21
459,4574,Samet Akıca,Genel,,Men,395,167,,00:00:47,00:43:50,01:18:53,01:47:17,02:09:44
460,4572,Şükrü Bekir Elmaağaçlı,5054,,Men,396,28,,00:00:02,00:38:06,01:11:34,01:41:13,02:10:32
461,4446,Merve Karayel,Genel,,Women,65,33,,,00:57:02,01:26:48,,02:10:35
462,4407,Ömer Yıldızhan,Genel,,Men,397,168,,00:00:53,00:38:18,01:14:05,01:44:13,02:09:57
463,3804,Mehmet Emin Erçayan,Genel,,Men,398,95,,00:14:43,00:38:49,01:10:43,01:36:02,01:56:11
464,4537,Musa Kutay Aydemir,Genel,,Men,399,169,,00:00:51,00:40:45,01:16:33,01:45:52,02:10:06
465,4064,Yasin Öztürk,4044,,Men,400,55,,00:02:24,00:48:42,01:23:56,01:47:14,02:08:36
466,4703,Efe Burak Kebeli,Genel,,Men,401,161,,00:03:28,00:46:31,01:20:32,01:46:35,02:07:35
467,3769,Mehmet Salih Akay,Genel,,Men,402,171,,00:00:27,00:38:16,01:12:38,01:44:20,02:10:45
468,4583,Fatıma Sarıgöz,Genel,,Women,66,34,,00:00:09,00:43:20,01:18:34,01:47:55,02:11:04
469,4146,İlhan Emir Akbaş,Genel,,Men,403,174,,00:00:14,00:48:35,01:27:10,,02:11:01
470,3733,Celil Mahmut Balak,Genel,,Men,404,175,,00:00:13,00:48:36,01:27:10,01:52:59,02:11:03
471,4196,Erkan Peksağlam,Genel,,Men,405,173,,00:00:19,00:43:00,01:18:46,,02:10:58
472,4160,Ali Gürsoy,4044,,Men,406,56,,00:01:08,00:39:16,01:13:28,01:44:52,02:10:34
473,4204,Tuncer Tarakcı,5054,,Men,407,29,,00:00:55,00:40:09,01:14:23,01:44:53,02:11:00
474,3644,Merve Kökbudak,3539,,Women,67,9,,00:00:30,00:43:55,01:21:31,,02:11:34
475,4629,Eren Yenigün,Genel,,Men,408,172,,00:01:18,00:41:02,01:17:35,,02:10:48
476,4131,Frann Dony Joseph,3539,,Men,409,69,,00:00:31,00:41:43,01:16:25,01:45:44,02:11:43
477,3657,Zeyneb Lillah Kılıç,Genel,,Women,68,35,,00:00:36,00:46:07,01:21:44,,02:11:39
478,3734,Mert Tükel,5054,,Men,410,30,,00:00:06,00:45:40,01:21:11,01:50:30,02:12:10
479,4263,Gökhan Topçu,6064,,Men,411,7,,00:00:46,00:44:09,01:20:09,,02:11:34
480,4096,Sabahattin Kaya,5559,,Men,412,21,,00:08:18,00:42:16,01:16:18,01:43:37,02:04:08
481,4460,Ebru Tütüncü,Genel,,Women,69,17,,00:16:30,,,,01:55:57
482,4614,Yeşim Kara,4044,,Women,70,7,,00:00:43,00:42:36,01:18:59,,02:11:49
483,3698,Kaan Haylı,Genel,,Men,413,182,,00:00:12,00:39:37,01:15:37,,02:12:29
484,4152,Can Uslu,Genel,,Men,414,180,,00:00:35,00:42:38,01:17:53,,02:12:09
485,3673,Malin Bjerkan,3539,,Women,71,8,,00:01:25,00:45:12,,,02:11:27
486,4143,Furkan Palazoğlu,Genel,,Men,415,181,,00:00:46,00:45:57,01:20:58,,02:12:15
487,3615,Feyza Nur Tütüncü,Genel,,Women,72,19,,00:16:30,,,,01:56:37
488,4542,Asil Yavuz Molla,Genel,,Men,416,178,,00:01:07,00:42:33,01:17:20,01:47:39,02:12:03
489,4153,Sabri Yamak,4549,,Men,417,52,,00:00:55,00:42:51,01:18:23,01:48:04,02:12:16
490,3943,Rukiye Elçin Şeker,Genel,,Women,73,36,,,00:46:15,01:22:36,,02:13:19
491,4240,Şükriye Akdağ,3539,,Women,74,10,,00:00:17,00:43:57,01:20:39,01:50:46,02:13:12
492,3637,Sedef Bağcı,Genel,,Women,75,37,,00:00:25,00:43:28,01:19:34,01:49:31,02:13:25
493,3781,Kebire Kulaç,Genel,,Women,76,38,,00:00:04,00:42:08,01:18:51,,02:14:03
494,4103,Onur Boz,Genel,,Men,418,185,,,00:42:26,01:18:37,01:49:33,02:14:22
495,4331,Zeynep Servi,4549,,Women,77,14,,,00:46:20,01:22:46,,02:14:40
496,4268,Kubilay Bağcı,Genel,,Men,419,183,,00:01:05,00:45:30,01:22:02,01:52:02,02:13:45
497,3838,Arzu Vatansever,Genel,,Women,78,39,,00:00:28,00:45:02,01:21:24,01:51:14,02:14:36
498,4208,Adem Furkan Şentürk,Genel,,Men,420,156,,00:08:20,00:38:52,01:12:22,01:43:23,02:06:44
499,4191,Şimal Ceren Şimşek,3539,,Women,79,6,,00:08:21,00:38:51,01:12:21,,02:06:43
500,4590,Yasin Özbek,Genel,,Men,421,165,,00:06:07,00:37:32,01:10:12,01:41:18,02:09:25
501,4486,Mert Çatılı,Genel,,Men,422,179,,00:03:32,00:41:36,,,02:12:05
502,3993,Eren Akgöz,4044,,Men,423,57,,00:00:07,00:43:16,01:21:19,01:51:15,02:15:31
503,3704,Özlem Eralp,5054,,Women,80,6,,00:00:32,00:42:55,01:20:03,01:50:44,02:15:08
504,3942,Bora İhsan Parlak,Genel,,Men,424,189,,,00:46:48,01:23:20,01:54:33,02:15:59
505,4450,Farnaz Ghaderpanah,4549,,Women,81,15,,,00:42:30,01:19:31,01:50:50,02:16:08
506,4456,Barış Kapdan,5054,,Men,425,32,,00:00:17,00:42:11,01:18:49,01:49:46,02:16:01
507,4522,Eren Ünlü,Genel,,Men,426,186,,00:01:20,00:42:42,01:18:30,,02:15:07
508,3723,Yunus Emre Kaya,Genel,,Men,427,188,,00:00:36,00:44:26,01:21:41,01:51:37,02:15:53
509,4469,Naz Sancaklı,Genel,,Women,82,40,,00:01:19,00:42:42,01:18:31,01:48:21,02:15:10
510,3921,Pelin Aydemir,3539,,Women,83,11,,00:00:43,00:43:06,01:22:12,,02:15:51
511,4518,Felix Can Özden,Genel,,Men,428,191,,00:00:36,00:44:25,01:21:41,01:51:37,02:16:04
512,4128,Mehmet Levent Yiğit,5054,,Men,429,31,,00:00:42,00:42:33,01:19:01,01:50:35,02:16:01
513,4232,İsmail Tan Sander,5054,,Men,430,33,,,,01:19:11,01:51:23,02:16:56
514,4584,Mehmet Alperen Pekdaş,Genel,,Men,431,193,,00:00:24,00:41:41,01:18:57,01:53:15,02:16:32
515,3832,Murat Ege Kanberler,Genel,,Men,432,190,,00:00:58,00:42:35,01:20:25,01:51:19,02:16:01
516,4474,Süleyman Mert Şekerci,Genel,,Men,433,196,,,00:45:15,01:19:32,01:49:20,02:17:09
517,4432,Remzi Aykut Çankaya,4549,,Men,434,53,,00:00:37,00:41:41,01:17:17,01:49:17,02:16:41
518,4179,Manuk Durmazgüler,4044,,Men,435,59,,00:00:10,00:42:43,01:20:21,,02:17:11
519,4671,Tarık Ali Akay,Genel,,Men,436,192,,00:00:57,00:54:44,,,02:16:29
520,4026,Erman Rıza Bozkurt,4044,,Men,437,58,,00:00:42,00:41:52,01:20:36,01:51:41,02:16:50
521,4235,Fatma Vatansever,Genel,,Women,84,41,,00:00:28,00:45:03,01:21:24,,02:17:05
522,4183,Selim Nuroğlu,Genel,,Men,438,194,,00:00:59,00:45:04,01:24:34,,02:16:41
523,3795,Arda Berk Şentürk,Genel,,Men,439,160,,00:10:20,00:40:46,01:14:42,01:43:32,02:07:23
524,4382,Eyüp Coşkun,3539,,Men,440,72,,00:00:53,00:43:56,01:21:56,01:51:47,02:16:51
525,4641,Cantekin Turan,3539,,Men,441,71,,00:00:53,00:43:55,01:21:55,01:51:46,02:16:51
526,4303,Bağlan Anıl Karakaş,3539,,Men,442,70,,00:03:42,00:37:57,01:11:32,01:49:18,02:14:12
527,4365,Emir Eşiyok,Genel,,Men,443,184,,00:03:55,00:43:45,01:20:03,01:50:05,02:14:10
528,4652,Mustafa Yasin Kuru,Genel,,Men,444,198,,00:00:31,00:46:45,01:24:12,,02:17:43
529,4144,Uğur Erenözlü,5559,,Men,445,23,,00:01:23,00:46:20,01:23:22,,02:16:52
530,4513,Buse Turan,Genel,,Women,85,44,,,00:42:40,01:19:10,,02:18:29
531,4034,Yağmur Cenan Boyacı Balıkcı,Genel,,Women,86,43,,00:00:36,00:44:23,01:21:33,01:53:13,02:17:58
532,4050,Hasan Ortaköy,4044,,Men,446,60,,00:00:28,00:42:34,01:18:24,01:51:08,02:18:11
533,3782,Mahir Enes Kaya,Genel,,Men,447,195,,00:01:36,00:40:59,01:15:57,,02:17:08
534,4124,Hacer Kaya,Genel,,Women,87,42,,00:01:07,00:45:07,01:22:37,,02:17:39
535,4394,Barış Aslan,Genel,,Men,448,197,,00:01:34,00:47:09,01:23:06,01:53:22,02:17:13
536,4046,Mehmet Yurdakul,Genel,,Men,449,200,,00:00:53,00:47:12,01:25:01,01:54:46,02:17:55
537,4166,Muhammet Mehdi Kaya,Genel,,Men,450,201,,00:00:37,00:45:31,01:21:44,01:52:43,02:18:14
538,3875,Ömer Bektaş,Genel,,Men,451,202,,00:00:36,00:45:32,01:21:46,,02:18:15
539,4697,Cenk Öztürk,Genel,,Men,452,199,,00:00:59,00:51:25,01:27:41,,02:17:55
540,3741,Necati Aktaş,3539,,Men,453,73,,00:00:02,00:46:11,01:23:41,01:54:27,02:18:52
541,3642,İsmail Akın Bostancı,4044,,Men,454,62,,00:00:25,00:42:12,,,02:18:44
542,4078,Dmıtrıı Anzın,3539,,Men,455,74,,00:00:18,00:43:58,01:21:35,01:54:49,02:19:01
543,3823,Ezer Bihar,4044,,Men,456,61,,00:00:50,00:41:41,01:18:23,01:50:49,02:18:29
544,3892,Sinan Tahsin Pehlivan,4549,,Men,457,54,,00:01:12,00:47:05,01:24:16,,02:18:09
545,4529,İlhan Ayfer Damar,4549,,Women,88,16,,00:00:09,00:45:04,01:23:21,01:55:12,02:19:49
546,4255,Mert Can Yazıcı,Genel,,Men,458,204,,,00:40:08,01:14:46,01:47:20,02:20:12
547,3743,Deniz Sevimli,4044,,Men,459,63,,00:00:34,00:42:10,01:20:43,01:52:58,02:19:51
548,4587,Belında Rose Duggan,4549,,Women,89,12,,00:15:48,00:40:23,01:14:40,01:42:29,02:04:38
549,4400,Hosseın Nourı,Genel,,Men,460,205,,,00:53:01,01:26:05,01:55:49,02:20:28
550,4571,Tuncay Çınar,4549,,Men,461,49,,00:14:57,00:39:22,,,02:05:34
551,4129,Murat Sümbül,5559,,Men,462,24,,00:00:27,00:45:15,01:22:59,,02:20:06
552,4141,Yekta Buğrahan Nizamoğlu,Genel,,Men,463,203,,00:01:04,00:47:37,01:26:00,01:55:48,02:19:53
553,4602,Ali Özgün Çatalbaş,Genel,,Men,464,208,,00:00:09,00:40:08,01:19:18,,02:20:51
554,4647,Babür Onat Binbaşı,Genel,,Men,465,207,,00:00:27,00:36:55,01:08:16,,02:20:47
555,4132,Yaman Dansık,Genel,,Men,466,206,,00:00:45,00:49:22,01:27:12,,02:20:37
556,4261,Husseın Alı Fakhır Sheblı,Genel,,Men,467,151,,00:14:56,00:41:23,01:16:42,01:44:11,02:06:27
557,4130,Alper Duran Dinçer,Genel,,Men,468,209,,,00:50:08,01:27:57,01:57:51,02:21:23
558,3987,Mehrzad Ghadımı Afshar,Genel,,Men,469,210,,,00:51:26,01:27:43,01:58:20,02:21:25
559,4277,Mustafa Sarıkaya,Genel,,Men,470,212,,,00:43:41,01:22:47,01:56:40,02:21:35
560,4496,Emine Bayrak,65+,,Women,90,1,,00:00:48,00:45:53,01:24:22,01:55:50,02:20:56
561,3948,Emrecan Kılıç,Genel,,Men,471,211,,00:00:11,00:44:25,01:22:37,01:55:17,02:21:35
562,4499,Arif Halis Aksoy,Genel,,Men,472,213,,,00:49:04,01:55:10,,02:21:50
563,3645,Anna Chıurccıu,3539,,Women,91,12,,,00:59:58,01:33:21,02:00:33,02:21:56
564,3794,Dorothea Eyüboglu Geb. Groll,6064,,Women,92,2,,00:00:31,00:42:55,01:20:40,,02:21:27
565,3705,Özkan Yüksel,5054,,Men,473,34,,00:00:30,00:42:55,01:20:41,01:55:30,02:21:28
566,4519,Burak Özsoy,Genel,,Men,474,216,,00:00:16,00:43:32,01:21:03,,02:21:55
567,4269,Jushkınbek Muzrofjonov,Genel,,Men,475,214,,00:00:29,00:43:04,01:23:29,01:56:24,02:21:50
568,4384,Yusuf Can Akalın,Genel,,Men,476,215,,00:00:31,00:42:36,01:23:06,01:56:38,02:21:54
569,4581,Sıla Doğan,Genel,,Women,93,45,,00:00:29,00:47:57,01:26:51,01:58:53,02:21:56
570,4524,Mehmet Salih Karbeyaz,4044,,Men,477,64,,00:00:47,00:43:43,01:20:27,01:54:17,02:21:38
571,4340,Baki Coşkun,5054,,Men,478,35,,00:00:07,00:48:58,01:27:31,01:57:47,02:22:23
572,3929,Mehmet Anıl Vural,Genel,,Men,479,223,,,00:43:30,01:21:39,01:54:02,02:22:32
573,4694,Sidelya Bade Aksoy,Genel,,Women,94,47,,,00:45:16,,,02:22:34
574,4425,Erdem Yardımcı,5054,,Men,480,36,,00:00:14,00:48:35,01:28:24,01:58:32,02:22:33
575,4589,Talya Yeşiltepe,Genel,,Women,95,48,,00:00:33,00:47:37,,,02:22:39
576,4076,Burak Köseoglu,Genel,,Men,481,219,,00:00:59,00:45:04,01:24:33,01:55:57,02:22:14
577,3619,Arda Alattin İlter,Genel,,Men,482,224,,,00:50:16,01:29:54,02:00:52,02:23:13
578,4121,Okan Kahya,Genel,,Men,483,225,,,,,,02:23:14
579,4304,Kaan Torun,Genel,,Men,484,217,,00:01:08,00:48:57,01:27:24,01:58:46,02:22:07
580,4007,Cem Çaylı,Genel,,Men,485,218,,00:01:05,00:48:42,01:26:16,01:57:45,02:22:10
581,4290,Tolga Özden,4549,,Men,486,55,,,00:50:52,01:30:30,,02:23:18
582,3835,Taha Yiğit Karabulut,Genel,,Men,487,227,,00:00:35,00:43:29,01:20:44,01:54:18,02:23:23
583,4271,Emir Ege Bilen,Genel,,Men,488,228,,00:00:34,00:43:29,01:20:45,,02:23:24
584,3678,Hasan Hüseyin Metin,Genel,,Men,489,229,,00:00:33,00:46:21,01:24:02,01:55:04,02:23:26
585,4205,Celal Berk Burun,3539,,Men,490,75,,00:02:20,00:47:06,01:25:38,01:57:12,02:21:49
586,4621,Kerem Asmaz,4549,,Men,491,56,,00:00:21,00:45:34,01:24:15,,02:24:11
587,4397,Muhammet Beşir Altan,Genel,,Men,492,230,,00:00:57,00:43:33,01:24:58,01:58:05,02:23:36
588,3750,Melike Sigeze,4044,,Women,96,9,,,00:44:30,01:24:56,01:58:27,02:24:45
589,4053,Pınar Tankut,5054,,Women,97,7,,00:00:13,00:50:06,01:29:46,02:01:16,02:24:48
590,4488,Selim Keleşoğlu,Genel,,Men,493,231,,00:00:31,00:45:34,01:24:34,,02:24:30
591,3690,Erdoğan Eskici,Genel,,Men,494,221,,00:02:44,00:48:40,01:26:53,01:57:09,02:22:18
592,3860,Ömer Alp Gökart,Genel,,Men,495,220,,00:02:46,00:46:48,01:23:13,01:54:39,02:22:18
593,4670,Çağdaş Doğa Ertürk,Genel,,Men,496,222,,00:02:47,00:46:48,01:23:13,01:54:38,02:22:19
594,3817,Venü Cam,4044,,Women,98,8,,00:00:27,00:43:50,01:25:03,01:59:13,02:24:43
595,3602,Osman Gazi Yılmaz,Genel,,Men,497,232,,,00:45:53,01:24:50,,02:25:11
596,3833,Ömer Sina Ceylan,Genel,,Men,498,233,,,00:46:14,,,02:25:27
597,4625,Haydar Metin,4549,,Men,499,57,,00:00:31,00:42:59,01:21:16,01:55:36,02:24:56
598,3913,Taylan Demir,Genel,,Men,500,226,,00:02:44,00:48:39,01:26:54,,02:23:21
599,4084,Tevfik İlhan Nağaç,6064,,Men,501,8,,00:01:17,00:44:12,01:23:52,01:58:18,02:24:56
600,3643,Veysel Akkaş,Genel,,Men,502,235,,00:00:13,00:48:16,01:29:26,02:01:44,02:26:41
601,4424,Esat Esen,4549,,Men,503,58,,00:00:32,00:47:22,01:27:50,,02:26:41
602,4012,İdil Dokuz,Genel,,Women,99,49,,00:01:10,00:46:28,01:25:28,,02:26:06
603,4504,Nevcihan Çelebioğlu,Genel,,Women,100,50,,00:00:38,00:46:27,01:26:02,01:57:33,02:26:55
604,4218,Gamze Yalçın,Genel,,Women,101,52,,00:00:31,00:43:55,01:23:22,01:58:07,02:27:11
605,4087,Cengizhan Köse,Genel,,Men,504,236,,00:00:06,00:50:33,01:32:03,02:04:47,02:27:44
606,4270,Mehmet Eren Erken,Genel,,Men,505,176,,00:16:51,00:39:02,01:14:53,01:47:47,02:11:09
607,3725,Danııl Bykov,4044,,Men,506,65,,00:00:42,00:50:23,01:31:46,02:02:09,02:27:21
608,4403,Elif Nur Sağlık,Genel,,Women,102,51,,00:01:07,00:47:06,01:26:06,,02:27:07
609,4547,Ramazan Yıldız,4044,,Men,507,66,,00:00:24,00:43:23,01:23:16,01:58:25,02:27:52
610,3910,Tuğçe Zeynep Büyükbay,Genel,,Women,103,53,,00:00:27,00:47:21,01:29:00,02:02:58,02:28:06
611,3635,Burak Kaya,4549,,Men,508,59,,00:00:59,00:50:08,01:29:44,02:01:41,02:27:40
612,4159,Onur Alasoğlu,4044,,Men,509,67,,00:00:26,00:48:58,01:29:29,02:02:20,02:28:18
613,4057,Özgür Kebabcı,Genel,,Men,510,237,,00:00:18,00:46:27,01:24:24,01:59:22,02:28:30
614,3796,Selçuk Su,Genel,,Men,511,177,,00:16:50,00:39:05,01:14:55,01:47:48,02:12:01
615,4010,Dursun Ali Görücü,5559,,Men,512,25,,00:01:07,00:45:48,01:28:24,,02:27:45
616,3873,Cevdet Aşcı,5054,,Men,513,37,,00:00:01,00:46:53,01:27:02,02:01:08,02:28:58
617,4079,Şener Özer,5559,,Men,514,26,,00:00:02,00:46:52,01:27:02,02:01:08,02:28:57
618,4306,Halit Çokal,3539,,Men,515,76,,00:01:02,00:46:44,01:25:21,01:59:06,02:27:57
619,4319,Esra Karadadaş Etleç,4044,,Women,104,10,,00:01:02,00:46:43,01:25:21,,02:27:59
620,4195,Ata Mutlu,Genel,,Men,516,238,,,01:03:42,01:37:39,,02:29:30
621,3956,Melisa Aslan,Genel,,Women,105,54,,00:01:11,00:47:52,01:29:09,02:02:37,02:28:47
622,4246,Sümeyra Köseoğlu,Genel,,Women,106,55,,00:00:25,00:48:42,01:29:44,,02:29:33
623,4005,iliya Soudi,Genel,,Men,517,244,,00:00:12,00:44:48,01:25:25,,02:31:33
624,4002,Burak Buğra Soysal,Genel,,Men,518,239,,00:00:39,00:45:48,01:26:08,02:02:00,02:31:10
625,4385,Melike Karlıoğlu,Genel,,Women,107,57,,00:00:02,,,,02:32:00
626,4337,Alper Koçer,Genel,,Men,519,243,,00:00:48,00:52:04,01:34:03,02:07:09,02:31:25
627,3649,İsmail Umut Turaloğlu,Genel,,Men,520,234,,00:06:29,00:38:10,01:14:14,01:50:56,02:25:49
628,4592,Serap Gül Döker,4549,,Women,108,18,,00:00:46,00:52:06,01:34:06,02:07:12,02:31:38
629,4377,Müjgan Yarar,5559,,Women,109,5,,,00:47:52,01:29:10,02:03:44,02:32:26
630,4318,Tülin Güneş,4549,,Women,110,19,,00:00:08,00:47:43,01:29:01,02:03:36,02:32:18
631,3627,Asiye Bayar,Genel,,Women,111,58,,00:00:29,00:46:19,01:28:11,,02:32:30
632,4613,Furkan Çelebi,Genel,,Men,521,245,,00:00:29,00:49:20,,02:05:08,02:32:33
633,4108,Ali Yiğit,4044,,Men,522,69,,00:00:49,00:44:38,01:25:32,02:04:19,02:32:25
634,4443,Mehmet Bahadır Özkan,Genel,,Men,523,187,,00:17:50,00:43:51,01:23:00,01:52:05,02:15:26
635,4180,Cenk Büyük,Genel,,Men,524,242,,00:01:56,00:50:27,01:32:04,02:05:50,02:31:24
636,3874,Reyhan Alara Büyük,Genel,,Women,112,56,,00:01:56,00:50:26,01:32:04,02:05:50,02:31:25
637,4093,Meryem Uçar,65+,,Women,113,2,,00:00:33,00:47:22,01:29:11,02:04:07,02:32:51
638,4487,Emine Keleş,Genel,,Women,114,59,,00:00:26,00:45:48,,02:01:22,02:33:08
639,3960,Sercan İncidiş,Genel,,Men,525,247,,00:00:55,00:51:18,01:33:40,02:08:07,02:32:41
640,4688,Muhittin Ağar,4044,,Men,526,70,,00:00:44,,,,02:32:54
641,3656,Özcan Atakan Tınmazlar,Genel,,Men,527,246,,00:01:05,00:48:30,01:30:15,02:05:23,02:32:37
642,3965,Aytun Kıy,4044,,Men,528,68,,00:02:24,00:51:04,01:35:07,02:06:35,02:31:29
643,3773,Gülçin Büyükçulha,4549,,Women,115,17,,00:02:24,00:51:04,01:35:06,02:06:35,02:31:36
644,3601,Muhammet Taşoğlu,Genel,,Men,529,248,,00:00:23,00:48:06,01:29:36,02:05:23,02:33:41
645,3670,Nihal Kılıç,4044,,Women,116,11,,00:01:03,00:53:14,01:34:03,02:07:03,02:33:02
646,4490,Nebahat Cempel,5054,,Women,117,8,,00:00:54,00:47:31,01:29:11,02:04:38,02:33:43
647,3933,Enes Özay,Genel,,Men,530,249,,00:00:45,00:46:27,01:25:40,02:01:51,02:33:56
648,3647,Enise Veysel,3539,,Women,118,13,,00:00:18,00:48:58,01:31:51,,02:34:24
649,3628,Barış Mert Bener,Genel,,Men,531,250,,00:00:17,00:48:19,01:27:14,02:04:19,02:34:39
650,3927,Buse Cengiz,Genel,,Women,119,60,,00:00:17,00:48:19,01:27:14,02:04:18,02:34:47
651,3660,Murat Ahmet Demirtaş,3539,,Men,532,77,,00:00:26,00:46:40,01:26:38,02:03:45,02:34:53
652,4224,Tülay Kahraman,5054,,Women,120,9,,00:00:38,00:51:16,01:33:24,02:07:37,02:35:06
653,4543,Ayşegül Koçdağ,Genel,,Women,121,61,,00:00:36,00:49:07,01:30:27,02:06:09,02:35:08
654,3850,Gökçin Onur,4549,,Men,533,60,,00:00:35,00:49:24,01:31:42,02:06:42,02:35:28
655,3620,Tuğba Aydemir,Genel,,Women,122,46,,00:15:42,00:47:07,01:25:51,01:57:04,02:22:05
656,3971,Kemal Eren Bürke,Genel,,Men,534,251,,00:02:46,00:49:33,01:31:32,02:04:54,02:35:08
657,4086,Murathan Baktı,Genel,,Men,535,255,,,,01:32:09,02:09:27,02:38:06
658,4011,Gamze Taştan,Genel,,Women,123,63,,00:00:15,00:44:17,01:28:17,02:05:32,02:37:55
659,3916,Can Mert Derinköylü,Genel,,Men,536,253,,00:00:43,00:51:16,01:32:57,02:08:04,02:37:26
660,3774,Şaban İlimsever,6569,,Men,537,7,,00:00:04,00:43:57,01:29:15,02:07:59,02:38:24
661,4217,Efe Sakız,Genel,,Men,538,254,,00:00:50,00:48:46,01:29:11,02:07:34,02:37:41
662,3896,Ozan Onur Balkanay,4044,,Men,539,71,,00:00:30,00:50:14,01:33:18,02:08:03,02:38:04
663,3949,Deniz Göksedef,5054,,Men,540,38,,00:00:28,00:50:16,01:33:22,02:08:05,02:38:06
664,3666,Ali Rıza Hacıgüzeller,4549,,Men,541,61,,00:00:29,00:50:17,01:33:21,02:08:04,02:38:06
665,4081,Emine Reyhan Görgülü,Genel,,Women,124,64,,00:00:34,00:50:30,01:32:00,02:08:25,02:38:25
666,4453,Aya Khalıfa,Genel,,Women,125,65,,00:00:36,00:49:50,01:33:22,,02:38:27
667,3887,Heejın Yook,Genel,,Women,126,68,,,00:46:46,,,02:39:23
668,3727,Doğu Tuncer,Genel,,Men,542,259,,,00:49:01,01:32:31,,02:39:32
669,3801,Arda Kınalı,Genel,,Men,543,256,,00:00:52,00:52:18,,02:10:35,02:38:40
670,4202,Çağla Ertekin,Genel,,Women,127,66,,00:00:34,01:15:30,,01:58:42,02:39:03
671,3880,Merve Nur Pekdiker,Genel,,Women,128,67,,00:00:33,01:15:30,,,02:39:03
672,4074,Enes Şimşek,Genel,,Men,544,257,,00:00:34,00:49:06,01:31:39,02:06:59,02:39:12
673,4138,Ilgın Atay,Genel,,Women,129,62,,00:02:19,00:49:12,01:32:34,02:06:37,02:37:32
674,3808,Nazmiye Firuzan Ünal,6064,,Women,130,3,,00:00:55,00:51:37,01:34:51,,02:39:01
675,3883,Ali Hamza Peçenek,Genel,,Men,545,258,,00:00:51,00:53:58,,02:09:54,02:39:14
676,4259,Hilmi Erim Ermaniş,Genel,,Men,546,252,,00:03:42,00:57:24,01:37:19,02:10:00,02:36:30
677,4001,Kadir Kaan Sağlam,Genel,,Men,547,261,,00:00:14,00:49:10,01:34:26,02:10:28,02:39:58
678,4420,Emine Akıca,Genel,,Women,131,69,,00:00:48,00:49:01,01:31:50,02:08:15,02:39:29
679,3613,Bora Altınok,4044,,Men,548,72,,00:00:47,00:51:26,01:34:01,02:10:04,02:39:48
680,4409,Bekir Emre Doğramacı,Genel,,Men,549,263,,,00:47:27,01:31:40,,02:40:40
681,4666,Doğa İlki,Genel,,Women,132,70,,00:00:44,00:48:31,01:32:56,02:08:56,02:40:04
682,4428,Halit Deveci,5559,,Men,550,27,,00:00:22,00:48:34,01:31:07,02:10:40,02:40:31
683,4013,Nurbahar Usta Baykal,3539,,Women,133,14,,,00:51:03,,02:11:09,02:40:58
684,3756,Mehmet Ayberk Saatçı,Genel,,Men,551,260,,00:01:06,00:45:45,01:27:50,02:05:58,02:39:55
685,3836,Alper İbrahim Özkan,Genel,,Men,552,262,,00:00:54,00:45:39,01:26:11,02:07:48,02:40:16
686,4553,Suben Saruhan,Genel,,Women,134,71,,,00:50:56,01:33:48,02:10:38,02:41:49
687,3871,Eyad Nahhas,3539,,Men,553,78,,,01:04:36,01:43:28,02:15:59,02:42:23
688,4242,Mithat Erşaylı,5559,,Men,554,28,,00:00:05,00:51:24,01:35:08,02:11:57,02:42:38
689,4360,Rüzgar Sönmez,Genel,,Men,555,264,,00:00:49,00:48:44,01:31:10,,02:42:10
690,4422,Beril Alpay,Genel,,Women,135,72,,00:00:49,00:48:43,01:31:09,02:09:13,02:42:10
691,3621,Ömer Talat Ayaz,Genel,,Men,556,265,,00:01:09,00:55:42,01:38:54,02:18:55,02:42:26
692,4258,Bertan Ergin,3539,,Men,557,79,,00:00:16,00:49:15,01:34:30,02:12:45,02:43:38
693,3799,Uğur Şentürk,4549,,Men,558,62,,00:00:07,00:49:24,01:34:39,02:12:54,02:43:49
694,4402,Faik Köse,6569,,Men,559,8,,00:03:44,00:57:44,,,02:40:19
695,4354,Ediz Başar Kutuk,Genel,,Men,560,266,,00:00:42,00:51:33,01:34:02,02:11:09,02:44:47
696,3691,Fatih Çelik,3539,,Men,561,80,,00:00:54,00:51:11,,02:05:26,02:45:11
697,3853,Aylin Mavzer,Genel,,Women,136,73,,00:02:18,00:51:32,01:37:48,02:14:32,02:43:53
698,3626,Ali Candar Kul,Genel,,Men,562,267,,00:00:48,00:50:08,01:34:06,02:17:42,02:45:29
699,3963,Kayra Çelik,Genel,,Men,563,268,,00:00:07,00:45:06,01:27:40,02:10:16,02:46:26
700,4023,Deniz Aydın,Genel,,Men,564,269,,,00:53:05,01:39:48,02:17:34,02:47:47
701,4047,Can Kaytaz,3539,,Men,565,82,,00:00:44,00:51:51,01:38:03,02:16:04,02:47:24
702,4570,Yusuf Eren Bayhan,Genel,,Men,566,240,,00:17:51,00:43:50,01:25:10,02:03:32,02:31:23
703,4417,Bedirhan Zor,Genel,,Men,567,241,,00:17:51,00:43:54,01:25:10,,02:31:23
704,4349,Arda Çetin,Genel,,Men,568,270,,00:00:49,00:50:08,01:34:05,02:17:48,02:48:36
705,4115,Taylan Özoğlu,3539,,Men,569,83,,00:00:16,00:49:52,01:39:59,02:20:55,02:51:00
706,4411,Meryem Ayşe Öz,Genel,,Women,137,76,,00:00:41,,,,02:50:39
707,3661,Efe Karataş,Genel,,Men,570,272,,00:00:53,00:51:46,01:37:28,02:15:55,02:50:34
708,4619,Başak Karataş,Genel,,Women,138,77,,00:00:28,00:50:34,01:36:29,02:15:48,02:51:01
709,3862,Okan Aydın,3539,,Men,571,81,,00:04:26,00:51:34,01:37:02,02:17:17,02:47:07
710,4114,Emir Alp Acar,Genel,,Men,572,274,,,00:56:25,01:43:44,02:24:46,02:51:34
711,3677,Mustafa Said Aydoğan,4549,,Men,573,63,,00:00:18,00:53:47,01:40:48,02:18:45,02:51:47
712,4237,İrem Akkoca,Genel,,Women,139,78,,00:00:18,00:53:28,01:38:04,,02:51:55
713,4212,Yousef M.y. Alnajjar,Genel,,Men,574,273,,00:01:58,00:47:36,01:30:00,02:12:50,02:50:54
714,3724,Yiğit Kubat,Genel,,Men,575,275,,00:00:52,00:51:46,01:37:28,02:16:10,02:52:01
715,4508,Emre Efe Dağlı,Genel,,Men,576,276,,00:00:49,00:52:49,01:39:31,,02:52:20
716,4097,Asmar Taghıyeva,Genel,,Women,140,79,,00:01:09,00:55:43,01:38:54,02:18:55,02:52:21
717,4468,Ayhan Genç,6569,,Men,577,9,,00:00:08,00:56:19,01:44:04,02:23:08,02:53:38
718,4134,Zahwa Jalas,Genel,,Women,141,80,,00:00:49,00:52:49,01:39:31,,02:53:00
719,4612,Muhammed Emin Ata,Genel,,Men,578,278,,00:01:00,00:54:29,01:42:26,02:22:04,02:52:51
720,4596,Mehmet Zaid Sağıroğlu,Genel,,Men,579,271,,00:03:28,00:53:11,01:39:22,02:19:35,02:50:32
721,4644,Anıl Can Özsalih,Genel,,Men,580,279,,00:00:51,,01:42:44,,02:53:13
722,4388,Süreyya Mina Abamor,Genel,,Women,142,81,,00:00:52,00:55:10,01:42:44,,02:53:13
723,4030,Mehmet Deniz Çimen,Genel,,Men,581,280,,,00:52:26,01:40:09,,02:54:07
724,3695,İpek Angay,Genel,,Women,143,75,,00:05:27,00:52:24,01:38:51,,02:49:52
725,4216,Selin Lisa Trubody,Genel,,Women,144,74,,00:05:29,00:52:22,01:38:50,02:18:27,02:49:51
726,3686,Nuh Mesut Ercan,Genel,,Men,582,283,,,01:10:07,01:52:43,,02:55:30
727,4236,Barış Bayram Bayındır,Genel,,Men,583,281,,00:01:04,00:59:16,01:48:26,02:25:48,02:54:36
728,3764,Nur Selin Güneş,Genel,,Women,145,83,,,01:10:41,01:55:38,,02:55:45
729,4327,Diyar Asutay,Genel,,Men,584,277,,00:03:29,00:52:04,01:37:26,,02:52:21
730,3856,Özkan İpek,5054,,Men,585,39,,00:03:45,00:54:07,01:42:02,02:20:10,02:52:18
731,4177,Beyza İrem Urhan,Genel,,Women,146,82,,00:00:46,00:55:03,01:48:57,02:25:55,02:55:27
732,3973,Emir Bahadır Ünsal,Genel,,Men,586,282,,00:00:46,00:55:04,01:48:53,02:26:03,02:55:28
733,3663,Mertkan Saitoğulları,Genel,,Men,587,284,,00:00:52,00:52:17,01:37:27,,02:55:37
734,3991,Begüm Gür Erdost,4549,,Women,147,20,,00:01:07,00:55:48,01:43:44,02:24:17,02:55:26
735,4137,Durmuş Kayacı,3539,,Men,588,84,,00:01:09,00:57:50,01:45:23,,02:55:27
736,4155,Edına Varga-keskın,3539,,Women,148,15,,,00:58:58,01:44:47,02:25:33,02:56:37
737,3962,Sedat Koçak,3539,,Men,589,85,,00:00:46,00:55:23,,02:22:27,02:56:26
738,3672,Utku Sedat Şahin,Genel,,Men,590,285,,00:00:58,00:56:46,01:40:20,,02:56:14
739,4264,Emre Kara,Genel,,Men,591,286,,,00:57:45,01:40:35,02:18:52,02:57:13
740,3803,Onur Sepetçioğlu,3539,,Men,592,86,,,00:57:13,01:45:57,,02:59:15
741,4207,İlayda İçbay,Genel,,Women,149,85,,00:00:18,00:56:26,01:47:47,02:29:02,03:00:19
742,3997,Poyraz Tezcan,Genel,,Men,593,287,,00:00:34,00:49:48,01:39:13,02:23:41,03:01:38
743,4505,Sara Amjad Mahmoud Hıjazı,Genel,,Women,150,84,,00:05:11,01:03:43,,,02:59:22
744,4330,Manal Tulaimat,Genel,,Women,151,86,,00:05:12,01:09:34,,,03:02:26
745,4677,Seher Oğuz,4044,,Women,152,12,,,01:02:04,01:56:54,,03:08:16
,3603,Mehmet Erman Oran,Genel,,Men,,,,,,,,
,3604,Onur Burhan Varış,Genel,,Men,,,,,,,,
,3608,Cihan Bulunmaz,3539,,Men,,,,,,,,
,3609,Oğul Süleyman Berkel,Genel,,Men,,,,,,,,
,3610,İsmail Konuk,4044,,Men,,,,,,,,
,3614,Savaş Güleç,3539,,Men,,,,,,,,
,3616,Kaan Babalar,Genel,,Men,,,,,,,,
,3617,Lütfü Şimşek,5559,,Men,,,,,,,,
,3618,Enes Kaçan,Genel,,Men,,,,,,,,
,3623,Arif Hilmi Yorulmaz,Genel,,Men,,,,,,,,
,3624,Yusuf Aydemir,4044,,Men,,,,,,,,
,3632,Hüsnü Kemal Çelik,6064,,Men,,,,,,,,
,3639,Cahit Can Çanakçı,Genel,,Men,,,,,,,,
,3648,Sercan Toksa,3539,,Men,,,,,,,,
,3651,Elifnur Gökseki,Genel,,Women,,,,,,,,
,3659,Esin Karaman,4044,,Women,,,,,,,,
,3662,Farıd Mammadlı,Genel,,Men,,,,,,,,
,3664,Zelal Topcu,Genel,,Women,,,,,,,,
,3665,Serkan Kılcan,4549,,Men,,,,,,,,
,3668,Ali Atav,4549,,Men,,,,,,,,
,3669,Gökhan Özdemir,Genel,,Men,,,,,,,,
,3675,Emrah Yurtkul,3539,,Men,,,,,,,,
,3679,Berkcan Akçay,Genel,,Men,,,,,,,,
,3680,Zeynep Gürtan,Genel,,Women,,,,,,,,
,3681,Kaan Sadrettin Altuğ,Genel,,Men,,,,,,,,
,3682,Oğuz Gürhan,Genel,,Men,,,,,,,,
,3685,Hakan Tugal,4549,,Men,,,,,,,,
,3687,İbrahim Okan Aydın,5054,,Men,,,,,,,,
,3688,Anastasııa Glukhova,Genel,,Women,,,,,,,,
,3689,Hamit Cenk Kurt,4549,,Men,,,,,,,,
,3692,Sena Sülün,Genel,,Women,,,,,,,,
,3694,Tuğrul Oral,5559,,Men,,,,,,,,
,3696,Ayhan Köksal,4549,,Men,,,,,,,,
,3697,Gökhan Tuğyanoğlu,4044,,Men,,,,,,,,
,3699,Elfin Hüsman,Genel,,Women,,,,,,,,
,3703,Alara Özberk,Genel,,Women,,,,,,,,
,3706,Erdal Sarıkaya,3539,,Men,,,,,,,,
,3708,Mustafa Şener,4044,,Men,,,,,,,,
,3709,Ersel Topraktepe,5054,,Men,,,,,,,,
,3710,Tarık Özgür,Genel,,Men,,,,,,,,
,3711,Dilek Aslan,4044,,Women,,,,,,,,
,3714,DQOrçun Teke,3539,,Men,,,,00:14:42,,00:08:32,00:32:59,00:53:20
,3717,Elif Hatice İlkkurşun,3539,,Women,,,,,,,,
,3718,Çağlar İbrahim Taş,4549,,Men,,,,,,,,
,3721,Tolga Tezcan,Genel,,Men,,,,,,,,
,3722,Garen Varujan Dabanyan,Genel,,Men,,,,,,,,
,3730,Emir Turgut Sipahioğlu,4044,,Men,,,,,,,,
,3732,Enis Demirer,Genel,,Men,,,,,,,,
,3735,Fikret Güngör,5054,,Men,,,,,,,,
,3738,DNSNamık Ege Ballı,Genel,,Men,,,,,,,,01:23:33
,3742,Ahmet Şenel,4044,,Men,,,,,,,,
,3744,Hüseyin Dereli,4044,,Men,,,,,,,,
,3749,Didem Alaçam,4549,,Women,,,,,,,,
,3754,Boşa Çıktı,Genel,,Unknown,,,,,,,,
,3759,Uğurcan Özgül,Genel,,Men,,,,,,,,
,3760,Melissa Su Röe,Genel,,Women,,,,,,,,
,3761,Özgü Sancar,Genel,,Women,,,,,,,,
,3767,Burcu Gecü,Genel,,Women,,,,,,,,
,3772,Ömer Ersin Turgut,4044,,Men,,,,,,,,
,3779,Omina Kamoliddinova,Genel,,Women,,,,,,,,
,3780,DQLütfi Şinasi Postalcı,6064,,Men,,,,,00:33:16,00:59:54,,01:37:20
,3786,Sedat Eğriboyun,4044,,Men,,,,,,,,
,3788,Akın Şengün,Genel,,Men,,,,,,,,
,3792,Melisa Nazlı Aras,Genel,,Women,,,,,,,,
,3800,Adkhan Gaibli,4044,,Men,,,,,,,,
,3807,Büşra Aktürk,3539,,Women,,,,,,,,
,3809,Cenk Akkaş,4044,,Men,,,,,,,,
,3811,Emir Can Pak,Genel,,Men,,,,,,,,
,3813,Melisa Daşik,Genel,,Women,,,,,,,,
,3816,Tolga Koçoğlu,5054,,Men,,,,,,,,
,3818,DQAkgül Sebzeci,3539,,Women,,,,,,00:33:21,,
,3819,Polat Melih Hasılcı,Genel,,Men,,,,,,,,
,3820,Hüseyin Koç,Genel,,Men,,,,,,,,
,3825,Rojhat Tunç,Genel,,Men,,,,,,,,
,3826,Sude Türen,Genel,,Women,,,,,,,,
,3837,Tansu Güder,4044,,Men,,,,,,,,
,3840,Ali Deniz Turmuş,Genel,,Men,,,,,,,,
,3841,Buse Yağmur Yüce,Genel,,Women,,,,,,,,
,3847,Nisa Nur Kılıçdere,Genel,,Women,,,,,,,,
,3848,Bekir Sertaç Pınarbaşı,3539,,Men,,,,,,,,
,3849,Abdul Furkan Kaplan,Genel,,Men,,,,,,,,
,3851,Alp Akın Satı,Genel,,Men,,,,,,,,
,3855,Abdullah Arısalan,Genel,,Men,,,,,,,,
,3857,Ekin Yıldırım,Genel,,Men,,,,,,,,
,3858,Serdar Marol,5559,,Men,,,,,,,,
,3861,Tuğrul Tuğcu,6064,,Men,,,,,,,,
,3864,Ayşe Sena Kavrazlı,Genel,,Women,,,,,,,,
,3866,Şirag Akkaya,Genel,,Men,,,,00:00:46,00:44:31,01:23:58,,
,3868,Nimet Kaya,Genel,,Women,,,,,,,,
,3869,Muhammed Bera Duranoğlu,Genel,,Men,,,,,,,,
,3872,Furkan Tetik,Genel,,Men,,,,,,,,
,3876,Hasan Tunay Cengiz,4044,,Men,,,,,,,,
,3877,Zeki Altıntaş,5559,,Men,,,,,,,,
,3878,Anıl Şahin,Genel,,Men,,,,,,,,
,3879,Ada Uygut,Genel,,Women,,,,,,,,
,3882,Can Tolga Polat,Genel,,Men,,,,00:01:42,00:50:35,01:32:57,,
,3884,Serkan Öztürk,4044,,Men,,,,,,,,
,3888,Çağdaş Balcı,3539,,Men,,,,,,,,
,3889,Burak Ozan Karaben,Genel,,Men,,,,,,,,
,3890,Fatih Emre Erdoğan,Genel,,Men,,,,,,,,
,3891,Hüseyin Soyöz,4044,,Men,,,,,,,,
,3898,Hamza Serkan Algül,Genel,,Men,,,,,,,,
,3899,Beyza Aksoy,Genel,,Women,,,,,,,,
,3902,Tuncay Soydan,5054,,Men,,,,,,,,
,3905,Arda Efe Antepli,Genel,,Men,,,,,,,,
,3907,Ezgi Girenay,Genel,,Women,,,,,,,,
,3915,Zeynep Meltem Baş,4549,,Women,,,,00:00:21,00:42:43,01:23:23,,
,3917,DQDuygu Dumlu,4044,,Women,,,,00:15:20,,00:24:08,,02:00:45
,3919,Namık Kemal Öner,5054,,Men,,,,,,,,
,3920,DQMehmet Kaya,Genel,,Men,,,,00:14:42,,00:09:50,,01:08:04
,3923,Ünal Karababa,4044,,Men,,,,,,,,
,3931,Dilay Albayrak,Genel,,Women,,,,,,,,
,3935,Erkan Koç,5054,,Men,,,,,,,,
,3936,Nergis Kurt Destan,3539,,Women,,,,,,,,
,3938,İsmail Doğacan Kurucu,4044,,Men,,,,,,,,
,3939,Ahmet Doruk Bayburt,3539,,Men,,,,,,,,
,3941,Efe Yücel Bozkurt,Genel,,Men,,,,,,,,
,3944,DQFatma Pınar Yazgül,Genel,,Women,,,,,,,00:52:45,01:14:05
,3945,Birce Şireli,Genel,,Women,,,,,,,,
,3947,Hüseyin Halistoprak,3539,,Men,,,,,,,,
,3950,Fuat Türkoğlu,6064,,Men,,,,,,,,
,3955,Pavel Khomenko,3539,,Men,,,,,,,,
,3958,Senem Öztürk,Genel,,Women,,,,,,,,
,3961,Erdal Hamit Ertan,3539,,Men,,,,,,,,
,3970,Ayşe Elif Şatır,Genel,,Women,,,,,,,,
,3972,Zeynep Özefe,Genel,,Women,,,,,,,,
,3977,Seyhan Kara,Genel,,Men,,,,,00:44:03,,,
,3978,Caner Gürcaner,4044,,Men,,,,,,,,
,3980,Osman Yaman Nalbantoğlu,4549,,Men,,,,,,,,
,3989,Kemalcan Küçük,Genel,,Men,,,,,,,,
,3995,Özgür Pamuk,4549,,Men,,,,,,,,
,3996,Öznur Karababa,4044,,Women,,,,,,,,
,3998,Yeliz Yılmaz Yurtkul,Genel,,Women,,,,,,,,
,4000,DQCevdet Şengül,5054,,Men,,,,00:17:10,,00:09:48,00:38:11,01:01:18
,4006,Ceyda Kıran,4549,,Women,,,,,,,,
,4016,Evrim Aydoğu,Genel,,Men,,,,,,,,
,4020,Yavuz Altınay,5559,,Men,,,,,,,,
,4021,Yiğit Can Tekgöz,Genel,,Men,,,,,,,,
,4024,İpek Esen,Genel,,Women,,,,,,,,
,4025,Arda Palabıyık,Genel,,Men,,,,,,,,
,4028,Deniz Giz,Genel,,Women,,,,,,,,
,4031,Efe Telimen,Genel,,Men,,,,,,,,
,4032,Ceren Su Gonceli,Genel,,Women,,,,,,,,
,4033,Doğukan Eyidemir,Genel,,Men,,,,,,,,
,4035,Ece Özkul,3539,,Women,,,,,,,,
,4038,Buğra Doruk Özefe,3539,,Men,,,,,,,,
,4039,Selin Özdinç,4044,,Women,,,,,,,,
,4040,Hüseyin Narin,4549,,Men,,,,,,,,
,4041,İpek Mert,Genel,,Women,,,,,,,,
,4042,Buse Buyruk,Genel,,Women,,,,,,,,
,4043,Eylül Gökçen,Genel,,Women,,,,,,,,
,4048,Süleyman Arkan,Genel,,Men,,,,,,,,
,4052,Murat Macun,4549,,Men,,,,,,,,
,4054,Yusuf Kanca,Genel,,Men,,,,,,,,
,4056,Melike Doğan,Genel,,Women,,,,00:00:18,01:03:55,02:00:41,,
,4058,Mustafa Ahmet Denizli,5054,,Men,,,,,,,,
,4059,Tuğba Yıldırım Özmen,4044,,Women,,,,,,,,
,4063,Mehmet Şentürk,Genel,,Men,,,,,,,,
,4065,Mert Bayram,Genel,,Men,,,,,,,,
,4070,Elif Çolak,5054,,Women,,,,,,,,
,4072,Batuhan Ayvaz,Genel,,Men,,,,,,,,
,4073,Ertuğrul Ahmet Tok,Genel,,Men,,,,,,,,
,4075,Şevval Güner,Genel,,Women,,,,,,,,
,4077,Fatih Arslan,5054,,Men,,,,,,,,
,4080,Sercan Sinirlioğlu,Genel,,Men,,,,,,,,
,4083,Mehmet Eşmekaya,4549,,Men,,,,,,,,
,4089,Ersan Öztürk,4044,,Men,,,,,,,,
,4092,Vildan Tuğyanoğlu,4044,,Women,,,,,,,,
,4102,Mehmet Efe Dağlı,Genel,,Men,,,,,,,,
,4109,Yiğit Çelik,Genel,,Men,,,,,,,,
,4116,Ali Tufan,Genel,,Men,,,,,,,,
,4117,Barış Dedeler,Genel,,Men,,,,,,,,
,4118,Lütfi Çelepöven,Genel,,Men,,,,,,,,
,4119,Kemal Gökhan Besen,5054,,Men,,,,,,,,
,4120,Saim Erdoğan,70+,,Men,,,,,,,,
,4123,Zihni Ademoğlu,6064,,Men,,,,,,,,
,4126,Yusuf Mete Yılmaz,Genel,,Men,,,,,,,,
,4135,Hüseyin Aksoy,3539,,Men,,,,,,,,
,4145,Barış Çağan Özefe,Genel,,Men,,,,,,,,
,4148,DQAykut Koçyiğit,3539,,Men,,,,00:14:48,,00:12:41,00:48:18,01:16:58
,4150,Onur Bukağıkıran,3539,,Men,,,,,,,,
,4151,DQÇağla Enginer,Genel,,Women,,,,,,00:33:20,,
,4154,DQKardelen Asaroğlu,Genel,,Women,,,,,,00:33:20,,02:12:28
,4161,Murat Tekneci,3539,,Men,,,,,,,,
,4165,DQMuhammed Şamil Duman,Genel,,Men,,,,,01:18:30,00:31:09,02:27:05,02:55:30
,4167,Erçin Gülcan,3539,,Men,,,,,,,,
,4169,Turgay Emir Yüksel,4044,,Men,,,,,,,,
,4170,Mustafa Mert Kurt,Genel,,Men,,,,,,,,
,4172,Berkay Şekerci,Genel,,Men,,,,,,,,
,4173,Ögeday Samatlı,Genel,,Men,,,,,,,,
,4174,Kerem Oktay,Genel,,Men,,,,,,,,
,4182,Ahmet Alparslan Kılıç,Genel,,Men,,,,,,,,
,4184,DQTuğba Asaroğlu,4549,,Women,,,,00:19:28,,00:20:00,01:18:31,01:57:08
,4185,Veysel Sarı,Genel,,Men,,,,,,,,
,4186,Derin Çakır,Genel,,Women,,,,,,,,
,4188,Çağatay Buçan,Genel,,Men,,,,,,,,
,4189,Seyit Efe Aydın,Genel,,Men,,,,,,,,
,4190,Ahmet Enes Bali,Genel,,Men,,,,,,,,
,4192,Perihan Gizem Ünsal,3539,,Women,,,,,,,,
,4198,Ecehan Sofuoğlu,4549,,Women,,,,,,,,
,4200,Serhat Aslan,4044,,Men,,,,,,,,
,4201,Mert Uğurlu,Genel,,Men,,,,,,,,
,4203,Okan Kileciler,4044,,Men,,,,,,,,
,4206,Muhammed Emin Özışık,Genel,,Men,,,,,,,,
,4213,Mehmet Kağan Oskay,4044,,Men,,,,,,,,
,4215,Tuna Sarıkaya,Genel,,Men,,,,,,,,
,4220,Samet Çilingir,Genel,,Men,,,,,,,,
,4221,Oğuzhan Alaçam,4044,,Men,,,,,,,,
,4222,Tolga Gülbakan,3539,,Men,,,,,,,,
,4223,Kasım Baran Kaygısız,Genel,,Men,,,,,,,,
,4226,Murat Demir,5054,,Men,,,,,,,,
,4227,Yalçın Zenger,4044,,Men,,,,,,,,
,4228,Kuzey Akdemir,Genel,,Men,,,,,,,,
,4229,Sinem Alev Kurtgil,4044,,Women,,,,,,,,
,4230,DQDemet Demirli,4044,,Women,,,,00:16:41,,00:12:29,,
,4243,Aslı Açıkel,3539,,Women,,,,,,,,
,4244,Ömer Burak Özdemir,Genel,,Men,,,,,,,,
,4245,Mustafa Karatepe,5054,,Men,,,,,,,,
,4247,Tolga Atay,Genel,,Men,,,,,,,,
,4254,Doğa Merze,Genel,,Women,,,,,,,,
,4257,İsmail Karaçay,5559,,Men,,,,,00:37:01,01:06:37,01:30:18,
,4265,İbrahim Furkan Erdoğan,Genel,,Men,,,,,,,,
,4266,Pınar Varlık,3539,,Women,,,,,,,,
,4276,Zeynep Geçen,Genel,,Women,,,,,,,,
,4283,Müge Meydan,4549,,Women,,,,,,,,
,4287,Dağhan Kurtgil,4044,,Men,,,,,,,,
,4292,Mehmet Gökhan Özkorkmaz,5559,,Men,,,,,,,,
,4294,Öykü Şensel,Genel,,Women,,,,00:01:01,01:02:43,,,
,4298,Asım Kayalar,4549,,Men,,,,,,,,
,4301,Korhan Uluağaç,3539,,Men,,,,,,,,
,4302,Volkan Kumbasar,4549,,Men,,,,,,,,
,4308,İlyas Gültaş,5559,,Men,,,,,,,,
,4309,Yusuf Selimhan Kofalak,Genel,,Men,,,,,,,,
,4310,Kıvanç Değirmenci,Genel,,Men,,,,,,,,
,4312,Hüseyin Göksu,3539,,Men,,,,,,00:46:46,01:03:47,
,4314,Aleksander Sakharov,4549,,Men,,,,,,,,
,4315,Sibel Yıldırım Demir,4044,,Women,,,,,,,,
,4317,Murat Can Boyvadaoğlu,Genel,,Men,,,,,,,,
,4320,Hakan Şakar,Genel,,Men,,,,,,,,
,4326,Ezgi Kapcak,Genel,,Women,,,,,,,,
,4334,Ömer Abdülkadir Geylan,Genel,,Men,,,,,,,,
,4336,Tuğçe Ağar,Genel,,Women,,,,,01:05:20,,,
,4338,Volkan Özkan,4044,,Men,,,,,,,,
,4342,Oğuz Köse,3539,,Men,,,,,,,,
,4343,Ercan Şentürk,3539,,Men,,,,,,,,
,4346,Yağmur Tekinırk,Genel,,Women,,,,,,,,
,4348,Osman Mert,3539,,Men,,,,,,,,
,4352,Kubilay Vatansever,Genel,,Men,,,,,,,,
,4353,Suat Kumaş,4044,,Men,,,,,,,,
,4355,Elif Karayel,Genel,,Women,,,,,,,,
,4358,Ali Can Türe,Genel,,Men,,,,,,,,
,4359,Abdullah Muhsin Çetinkaya,Genel,,Men,,,,,,,,
,4361,Berkay Bilgin,Genel,,Men,,,,,,,,
,4363,Arda Aras,Genel,,Men,,,,,,,,
,4364,Amırhosseın Hashemıantabrızı,Genel,,Men,,,,,,,,
,4369,Ali Rıza Demirtaş,4044,,Men,,,,,,,,
,4370,Hicret Coşkun,5559,,Men,,,,,,,,
,4371,Simin Pakakar,Genel,,Women,,,,,,,,
,4373,Aytuğ Işıklı,3539,,Men,,,,,,,,
,4374,Talha Yıldız,Genel,,Men,,,,,,,,
,4381,Volkan Uluçay,3539,,Men,,,,,,,,
,4386,Orhan Tat,Genel,,Men,,,,,,,,
,4389,Şafak Akın,Genel,,Men,,,,,,,,
,4393,Can Özkan,Genel,,Men,,,,,,,,
,4395,Cihan Berber,Genel,,Men,,,,,,,,
,4398,Furkan Dinç,Genel,,Men,,,,,,,,
,4401,İbrahim Halil Demir,Genel,,Men,,,,,,,,
,4405,Ahmet Mustafa Özyurt,3539,,Men,,,,,,,,
,4408,Tuğba Yıldırım Özmen,4044,,Women,,,,,,,,
,4410,Mert Mete,Genel,,Men,,,,,,,,
,4418,Vehbi Kurşun,4044,,Men,,,,,,,,
,4423,Mehmet Murat Beyazıt,6569,,Men,,,,,,,,
,4426,Tufan Günal,3539,,Men,,,,,,,,
,4427,Ertuğrul Malkoç,Genel,,Men,,,,,,,,
,4429,Salih Ulutaş,5054,,Men,,,,,,,,
,4430,Semanur Yücesoy,Genel,,Women,,,,,,,,
,4439,Ege Fırat Yorğun,Genel,,Men,,,,00:01:01,01:02:43,,,
,4440,Mert Ali Aslan,Genel,,Men,,,,,,,,
,4441,Burak Zeki Aydemir,Genel,,Men,,,,,,,,
,4442,Mehmet Recep Terekli,3539,,Men,,,,,,,,
,4445,Dilara Gürsu,Genel,,Women,,,,,,02:04:33,,
,4447,Mustafa Aydoğmuş,Genel,,Men,,,,,,,,
,4449,Fırat Girgin,3539,,Men,,,,,,,,
,4451,Baran Gökçekli,Genel,,Men,,,,,,,,
,4457,Yağız Şahin,Genel,,Men,,,,,,,,
,4458,Erdem Kulaklı,4044,,Men,,,,,,,,
,4461,Tolga Cihangir,3539,,Men,,,,,,,,
,4463,Nilgün Kopuzoğlu,4549,,Women,,,,,,,,
,4470,Yağmur Teközgen,Genel,,Women,,,,,,,,
,4472,Gorkem Gunay,Genel,,Men,,,,,,,,
,4473,DQNoora Alnaser,Genel,,Women,,,,00:15:40,,00:14:09,00:41:46,01:02:09
,4478,Serhat Demir,Genel,,Men,,,,,,,,
,4482,Bedir Mert Karabıyık,Genel,,Men,,,,,,,,
,4492,Zeynep Kalender,Genel,,Women,,,,,,,,
,4493,Özcan Tonguroğlu,6569,,Men,,,,,,,,
,4497,Abdulrahman Murat,Genel,,Men,,,,,,,,
,4501,Targol Derakhshannejad,Genel,,Women,,,,,,,,
,4506,Ozan Aktürk,Genel,,Men,,,,,,,,
,4507,Sudaay Tat Haznedar,Genel,,Women,,,,,,,,
,4516,Tayfun Demir,4549,,Men,,,,,,,,
,4520,Aytekin Sanin,4044,,Men,,,,,,,,
,4530,Türker Yılmaz,Genel,,Men,,,,,,,,
,4531,Yıldız Büyük,3539,,Women,,,,,,,,
,4532,Sami Yiğit Demir,Genel,,Men,,,,,,,,
,4534,Ender Öner,5054,,Men,,,,,,,,
,4535,Ömer Yıldız,3539,,Men,,,,,,,,
,4538,Mina Topçu,Genel,,Women,,,,,,,,
,4539,Alperen Köker,Genel,,Men,,,,,,,,
,4550,Elif Nur Ergüz,Genel,,Women,,,,,,,,
,4551,Mehmet Sözkesen,Genel,,Men,,,,,,,,
,4552,Tolga Doğan,Genel,,Men,,,,,,,,
,4558,Ayşen Şenel,3539,,Women,,,,,,,,
,4561,Faruk Yeşil,3539,,Men,,,,,,,,
,4562,İclal Evkuran,Genel,,Women,,,,,,,,
,4564,Mustafa Kerem Özgenel,4044,,Men,,,,,,,,
,4568,Mehmet Efe Aloğlu,Genel,,Men,,,,,,,,
,4573,Pınar Türkarslan,4549,,Women,,,,00:00:39,,,,
,4575,Berk Can Torgay,Genel,,Men,,,,,,,,
,4576,Alp Öğüt,Genel,,Men,,,,,,,,
,4580,Ömer Faruk Çelik,Genel,,Men,,,,,,,,
,4588,Tuğçe İlhan,Genel,,Women,,,,,,,,
,4593,Cem Söyler,4549,,Men,,,,,,,,
,4598,Enas Sawah,Genel,,Women,,,,00:01:20,01:03:38,,,
,4599,Adnan Gül,6064,,Men,,,,,,,,
,4603,Elina Mollaeva,Genel,,Women,,,,,,,,
,4604,Emir İhsan Güneş,Genel,,Men,,,,,,,,
,4605,Beyza Derici,Genel,,Women,,,,,,,,
,4607,Fatma Simge Cerrahoğlu,4549,,Women,,,,,,,,
,4608,Mithat Erşaylı,5559,,Men,,,,,,,,
,4609,Nisa Gürsu,Genel,,Women,,,,,01:01:08,,,
,4610,Berk Çapantakım,Genel,,Men,,,,,,,,
,4615,Ece Nur Kurt,Genel,,Women,,,,,,,,
,4617,Emine Tamgüç,Genel,,Women,,,,,,,,
,4620,Mert Ersan,Genel,,Men,,,,,,,,
,4624,Teoman Mert,3539,,Men,,,,,,,,
,4630,DQDeniz Kurt,3539,,Women,,,,00:15:32,,,00:39:58,01:02:16
,4631,Oğuz Sönmez,Genel,,Men,,,,,,,,
,4634,İpek Akman,Genel,,Women,,,,,,,,
,4635,Hüseyin Açar,Genel,,Men,,,,,,,,
,4636,Nuh Hallaçoğlu,Genel,,Men,,,,,,,,
,4639,Recep Emre Kaplan,Genel,,Men,,,,,,,,
,4640,Fatma Ecem Yaman,Genel,,Women,,,,,,,,
,4655,Maidi Tahiri,Genel,,Men,,,,,,,,
,4659,Gizem İnan,Genel,,Women,,,,,,,,
,4660,Lal İlbahar,Genel,,Women,,,,,,,,
,4663,Murat Varol,5054,,Men,,,,,,,,
,4664,Serdar Sarp Ünlütokmak,4549,,Men,,,,,,,,
,4667,Murat Özkan,4044,,Men,,,,,,,,
,4675,Fatma Gülgün Yaşlak,4044,,Women,,,,,,,,
,4676,,Genel,,Unknown,,,,,,,,
,4678,DQDoğukan Semih Oran,Genel,,Men,,,,00:14:50,,00:06:58,00:26:56,00:43:16
,4681,Mehmet Erkul,5054,,Men,,,,,,,,
,4689,Elif Keser,Genel,,Women,,,,,,,,
,4690,DQBerat Ceren Görencan,Genel,,Women,,,,00:17:53,,00:07:46,00:30:33,00:49:10
,4692,Şeyma Sezer,Genel,,Women,,,,,,,,
,4693,Ali Çınar Demir,Genel,,Men,,,,,,,,
,4698,Arda Ayaz,4549,,Men,,,,,,,,
,4701,Harun Altıkaya,Genel,,Men,,,,,,,,
,4720,Ezgi Kaya,Genel,,Women,,,,,,,,